County,Municipality,President DEM,President REP,US Senate DEM,US Senate REP,Congress DEM,Congress REP
Warren,Liberty,447,709,413,678,330,742
Atlantic,Brigantine,"2,068","2,462","2,007","2,294","1,528","2,806"
Monmouth,Deal,88,225,100,195,122,168
Monmouth,Manalapan,"8,224","9,949","7,843","9,143","6,623","9,702"
Mercer,Princeton,"9,461","2,882","8,940","2,856","9,631","2,416"
Bergen,Norwood,"1,275","1,296","1,202","1,151","1,001","1,276"
Bergen,North Arlington,"3,706","2,703","3,565","2,279","3,620","1,923"
Middlesex,Old Bridge,"13,127","10,911","11,988","10,360","24,638","9,310"
Morris,Riverdale,816,"1,085",742,972,599,"1,051"
Bergen,Montvale,"1,718","2,275","1,640","2,003","1,354","2,219"
Union,Winfield,426,271,374,215,311,244
Bergen,Mahwah,"5,143","6,862","4,727","5,855","3,827","6,353"
Monmouth,Shrewsbury,876,"1,205",740,"1,251",650,"1,269"
Bergen,Hillsdale,"2,610","2,837","2,536","2,464","2,079","2,786"
Bergen,Hasbrouck Heights,"2,883","2,669","2,700","2,348","2,820","2,025"
Morris,Jefferson,"3,757","5,370","3,534","4,793","2,587","5,568"
Middlesex,South Plainfield,"5,720","4,043","5,382","3,723","5,227","3,544"
Bergen,Fort Lee,"7,891","4,737","7,509","3,924","7,263","3,859"
Middlesex,South Amboy,"1,790","1,373","1,693","1,216","1,714","1,142"
Bergen,Glen Rock,"3,326","2,881","3,093","2,602","2,627","2,893"
Bergen,Edgewater,"2,392","1,031","2,248",850,"2,144",862
Bergen,Fair Lawn,"8,374","6,815","8,142","5,684","7,206","5,850"
Monmouth,Asbury Park,"4,317",480,"3,793",466,"3,700",421
Monmouth,Allenhurst,107,168,89,172,114,143
Middlesex,Woodbridge,"22,386","13,200","20,987","11,586","20,445","11,015"
Middlesex,Spotswood,"1,712","1,764","1,535","1,653","1,662","1,448"
Monmouth,Colts Neck,"1,420","3,912","1,295","3,800","1,014","3,958"
Monmouth,Brielle,914,"1,893",819,"1,808",624,"1,999"
Monmouth,Belmar,"1,196","1,310","1,150","1,197",953,"1,284"
Monmouth,Atlantic Highlands,"1,167","1,124","1,023","1,182","1,228",985
Salem,Upper Pittsgrove,558,"1,102",591,"1,002",330,"1,270"
Salem,Alloway,691,"1,019",731,912,428,"1,247"
Somerset,Bound Brook,"1,598","1,120","1,525","1,038","1,424","1,000"
Somerset,Far Hills,137,348,127,335,104,336
Somerset,Green Brook,"1,394","1,653","1,309","1,559","1,136","1,626"
Salem,Penns Grove,"1,234",265,"1,162",223,961,416
Salem,Pittsgrove,"2,046","2,114","2,061","1,868","1,310","2,676"
Bergen,Emerson,"1,532","2,019","1,475","1,778","1,159","1,952"
Ocean,Barnegat Twp,"4,711","5,670","4,521","5,227","4,179","5,397"
Bergen,Little Ferry,"2,024","1,091","1,904",903,"1,862",828
Bergen,River Edge,"2,723","2,337","2,631","2,052","2,157","2,336"
Morris,Wharton,"1,310","1,006","1,214",930,"1,022",917
Morris,Victory Gardens,301,65,267,54,198,92
Ocean,Berkeley Twp,"8,931","11,858","8,515","10,988","7,767","11,282"
Somerset,Manville,"1,702","1,641","1,621","1,499","1,592","1,425"
Bergen,Teaneck,"13,875","5,256","13,795","3,457","14,024","13,470"
Ocean,Lakewood,"7,062","19,273","10,539","13,154","5,505","19,094"
Somerset,North Plainfield,"4,655","1,671","4,419","1,550","3,790","1,744"
Somerset,Raritan,"1,323","1,360","1,283","1,230","1,122","1,240"
Ocean,Barnegat Light,153,222,141,216,116,215
Ocean,Ocean Gate,395,415,365,399,340,415
Morris,Washington Twp,"3,278","6,021","3,039","5,664","2,618","5,720"
Ocean,Ship Bottom,248,335,228,318,176,321
Sussex,Andover,129,143,120,140,95,154
Bergen,Wyckoff,"3,183","5,871","3,090","5,152","2,530","5,514"
Monmouth,Eatontown,"2,887","2,344","2,626","2,303","2,307","2,451"
Essex,Nutley,"6,507","6,273","5,714","4,804","4,903","4,933"
Bergen,Park Ridge,"1,957","2,682","1,883","2,374","1,521","2,630"
Bergen,Westwood,"2,701","2,564","2,519","2,305","2,051","2,594"
Bergen,Ridgefield Park,"3,162","1,508","2,940","1,263","2,874","1,125"
Essex,Newark,"78,352","3,852","69,506","2,844","109,520","94,542"
Bergen,Wallington,"1,967","1,548","1,840","1,238","1,990","1,023"
Bergen,Rockleigh,76,89,71,84,61,89
Monmouth,Farmingdale,330,364,279,362,212,439
Bergen,Saddle River,448,"1,268",447,"1,189",369,"1,227"
Monmouth,Englishtown,351,428,319,395,252,439
Burlington,Evesham,"12,507","10,863","11,974","10,103","9,346","12,915"
Monmouth,Highlands,"1,044",837,918,859,"1,061",691
Essex,Livingston,"7,303","6,863","7,135","5,394","5,639","6,493"
Essex,Glen Ridge,"2,415","1,396","2,175","1,153","2,104","1,194"
Monmouth,Freehold Twp,"7,242","9,204","6,721","8,818","5,430","9,704"
Burlington,Delran,"4,623","3,410","4,492","3,089","3,481","4,154"
Burlington,Burlington,"3,138","1,146","3,017","1,029","2,634","1,365"
Monmouth,Interlaken,224,362,207,354,250,305
Essex,Montclair,"15,811","3,034","14,671","2,875","15,911","15,089"
Atlantic,Northfield,"2,077","2,059","1,976","1,902","1,331","2,522"
Burlington,Beverly,797,330,751,324,619,440
Monmouth,Holmdel,"3,063","5,077","2,707","5,038","2,402","5,057"
Essex,Maplewood,"10,007","1,764","9,129","1,641","8,779","1,576"
Bergen,Oradell,"1,973","2,354","1,894","2,132","1,601","2,292"
Essex,Caldwell,"1,814","1,799","1,726","1,563","1,579","1,644"
Monmouth,Lake Como,390,295,368,266,308,310
Essex,Bloomfield,"13,361","5,501","12,057","4,711","19,470","18,387"
Monmouth,Keansburg,"1,604","1,056","1,283","1,151","1,457",904
Essex,Fairfield,"1,069","2,494","1,072","2,008",897,"2,095"
Burlington,Mansfield,"2,499","2,447","2,369","2,283","1,976","2,646"
Burlington,Hainesport,"1,545","1,650","1,490","1,564","1,165","1,899"
Essex,East Orange,"24,862",330,"22,135",283,"21,650",252
Monmouth,Little Silver,"1,344","2,186","1,176","2,202","1,060","2,220"
Sussex,Franklin,772,"1,121",751,"1,060",545,"1,250"
Sussex,Hampton Twp,989,"1,479",925,"1,450",718,"1,616"
Sussex,Byram,"1,464","2,373","1,439","2,229","1,035","2,583"
Sussex,Sparta,"3,747","6,370","3,608","6,027","2,748","6,814"
Burlington,Moorestown,"5,789","5,656","5,528","5,473","4,666","6,367"
Sussex,Wantage,"1,800","3,269","1,756","3,092","1,394","3,461"
Burlington,Pemberton Twp,"6,304","3,157","6,020","2,936","5,083","3,763"
Bergen,Teterboro,14,9,10,7,9,5
Sussex,Hopatcong,"2,560","3,285","2,499","2,991","1,854","3,573"
Burlington,Chesterfield,"1,195","1,189","1,129","1,144",956,"1,295"
Sussex,Newton,"1,395","1,546","1,337","1,443","1,036","1,725"
Warren,Phillipsburg,"2,487","1,751","2,410","1,524","1,931","1,915"
Warren,Hardwick,267,446,261,418,206,458
Ocean,Lakehurst,438,418,392,376,268,511
Warren,Harmony,442,702,424,635,286,759
Ocean,Lacey,"4,998","7,438","4,550","7,074","4,037","7,429"
Warren,Frelinghuysen,368,756,333,727,267,779
Union,Clark,"3,041","4,538","2,877","3,991","2,267","4,295"
Ocean,Jackson,"10,728","13,752","9,873","13,034","7,860","14,775"
Warren,Greenwich,"1,002","1,415",941,"1,331",755,"1,442"
Union,Fanwood,"2,164","1,710","2,046","1,577","1,982","1,563"
Ocean,Island Heights,454,508,406,473,400,479
Warren,Alpha,497,436,468,376,321,484
Warren,Blairstown,910,"1,654",895,"1,553",754,"1,660"
Ocean,Bay Head,188,374,162,376,126,394
Gloucester,Harrison Twp,"2,612","3,561","2,591","3,270","2,044","3,780"
Mercer,Hopewell Twp,"5,223","4,171","4,995","3,970","5,780","3,338"
Gloucester,Greenwich,"1,435","1,206","1,572",962,"1,591",922
Ocean,Beach Haven,206,339,197,325,141,345
Mercer,Hopewell,815,313,773,285,860,236
Mercer,Hamilton,"23,434","17,114","22,111","15,382","14,430","23,810"
Gloucester,Franklin Twp,"3,782","3,553","3,719","3,221","2,843","4,126"
Mercer,East Windsor,"7,156","3,548","6,799","3,276","6,862","3,072"
Gloucester,East Greenwich,"2,346","2,752","2,384","2,460","3,405","3,262"
Ocean,Eagleswood,274,455,245,429,185,470
Ocean,Harvey Cedars,105,152,97,152,84,154
Ocean,Beachwood,"2,048","2,264","1,873","2,209","1,686","2,343"
Ocean,Brick,"14,184","18,484","13,218","17,241","12,046","17,226"
Gloucester,Mantua,"3,855","3,692","3,883","3,288","3,193","3,929"
Essex,Orange,"9,828",291,"8,635",246,"8,317",216
Middlesex,Dunellen,"1,387","1,047","1,325",928,"1,181",912
Middlesex,Cranbury,"1,076",971,"1,002",948,"1,148",807
Mercer,West Windsor,"7,769","4,401","7,369","4,189","8,152","3,592"
Gloucester,Deptford,"8,427","4,938","8,401","4,202","8,561","3,975"
Essex,West Orange,"15,214","5,950","13,538","4,653","17,612","16,790"
Mercer,Robbinsville,"3,332","3,297","3,106","3,066","2,298","3,941"
Essex,West Caldwell,"2,524","3,109","2,355","2,738","2,008","3,049"
Essex,South Orange,"6,566","1,270","6,051","1,136","5,857","1,082"
Mercer,Pennington,985,488,929,484,"1,077",367
Warren,Pohatcong,634,802,645,691,481,829
Warren,Washington,"1,158","1,160","1,068","1,100",884,"1,219"
Warren,White,722,"1,540",752,"1,391",553,"1,554"
Morris,Chatham,"2,045","2,501","1,862","2,432","1,484","2,745"
Gloucester,Woodbury,"2,972","1,356","2,879","1,258","2,882","1,194"
Morris,Chatham Twp,"2,064","3,393","1,922","3,215","1,525","3,545"
Hudson,West New York,"9,682","2,725","9,166","2,139","8,925","1,953"
Morris,Chester Twp,"1,235","2,579","1,151","2,459","1,000","2,463"
Morris,Denville,"3,805","4,898","3,559","4,568","2,704","5,338"
Hunterdon,Milford,297,314,270,287,208,325
Morris,East Hanover,"1,888","4,150","1,859","3,536","1,337","3,872"
Ocean,Point Pleasant,"3,843","5,141","3,585","4,827","8,331","7,273"
Cumberland,Downe,276,415,274,334,145,497
Morris,Hanover,"2,740","4,384","2,546","3,970","1,865","4,573"
Ocean,Plumsted,"1,428","2,179","1,293","2,018",808,"2,546"
Essex,Essex Fells,347,829,322,747,262,793
Morris,Harding,654,"1,607",610,"1,543",427,"1,719"
Gloucester,Elk,"1,116","1,039","1,135",926,877,"1,171"
Ocean,Point Pleasant Beach,891,"1,373",817,"1,267",568,"1,459"
Gloucester,Pitman,"2,340","2,036","2,337","1,858","1,758","2,431"
Camden,Audubon Park,368,164,350,133,378,115
Camden,Lawnside,"1,671",34,"1,592",26,"1,580",31
Cape May,Cape May,669,745,598,637,419,848
Hudson,Weehawken,"3,692","1,169","3,429",915,"3,225",893
Middlesex,Jamesburg,"1,103",757,991,721,"1,051",639
Hudson,Union City,"14,569","3,050","14,094","2,169","12,967","2,135"
Middlesex,Helmetta,463,442,418,426,457,352
Ocean,Lavallette,324,646,307,595,210,516
Hunterdon,Bloomsbury,172,223,153,201,115,234
Ocean,Little Egg Harbor,"3,777","5,129","3,566","4,829","3,086","5,066"
Middlesex,Milltown,"1,784","1,828","1,739","1,687","1,994","1,408"
Hunterdon,Alexandria,899,"1,695",808,"1,603",628,"1,729"
Ocean,Long Beach,632,"1,166",592,"1,136",459,"1,102"
Middlesex,Metuchen,"4,286","2,618","4,056","2,496","4,091","2,389"
Ocean,Manchester,"10,041","12,970","9,475","12,122","7,347","13,945"
Ocean,Mantoloking,39,180,39,173,25,151
Middlesex,Edison,"22,104","12,769","20,987","11,357","20,962","10,873"
Ocean,Ocean Twp,"1,693","2,881","1,599","2,754","1,454","2,855"
Ocean,Pine Beach,554,648,504,640,468,667
Middlesex,Sayreville,"9,362","6,394","8,891","5,781","8,988","5,428"
Hudson,East Newark,400,80,356,59,300,55
Gloucester,Woolwich,"2,289","2,536","2,284","2,321","1,877","2,682"
Hudson,Hoboken,"14,443","7,078","12,819","5,695","11,347","5,597"
Middlesex,North Brunswick,"10,367","4,605","9,707","4,274","9,741","3,849"
Hudson,Guttenberg,"2,507",692,"2,366",500,"2,162",526
Middlesex,Monroe,"12,113","10,361","11,528","9,583","12,092","8,651"
Middlesex,Piscataway,"15,659","5,125","14,508","4,766","14,127","4,614"
Hudson,North Bergen,"15,600","4,209","15,187","3,196","14,310","3,034"
Middlesex,Perth Amboy,"11,774","1,667","10,529","1,210","8,724","1,185"
Hudson,Kearny,"7,579","3,293","6,706","2,559","14,180","13,462"
Morris,Mendham Twp,"1,130","2,108","1,032","2,035",778,"2,253"
Morris,Morris Plains,"1,429","1,659","1,286","1,580",936,"1,919"
Morris,Florham Park,"2,165","3,273","2,045","3,002","1,610","3,359"
Morris,Long Hill,"1,690","2,605","1,572","2,424","1,336","2,492"
Morris,Chester,273,506,242,482,206,485
Morris,Dover,"3,223","1,195","3,000",985,"2,407","1,031"
Morris,Boonton,"1,882","1,720","1,675","1,625","1,378","1,895"
Morris,Butler,"1,430","1,811","1,341","1,586","1,025","1,801"
Morris,Mount Arlington,"1,036","1,457",985,"1,325",791,"1,338"
Morris,Mountain Lakes,893,"1,262",872,"1,161",674,"1,343"
Atlantic,Estell Manor,368,525,363,457,221,634
Atlantic,Galloway,"8,707","6,935","8,299","6,381","6,318","8,363"
Hunterdon,Flemington,732,689,683,650,586,738
Atlantic,Egg Harbor Twp,"9,854","7,989","9,225","7,407","6,811","9,623"
Hunterdon,Clinton Twp,"2,628","4,265","2,375","4,064","1,914","4,371"
Hunterdon,East Amwell,961,"1,346",885,"1,243",788,"1,319"
Hunterdon,Califon,290,269,243,250,208,295
Atlantic,Margate,"1,534","1,882","1,490","1,700","1,013","2,216"
Atlantic,Hammonton,"2,777","3,420","2,726","2,858","1,649","4,008"
Atlantic,Linwood,"1,592","2,190","1,568","1,986","1,022","2,536"
Union,Scotch Plains,"6,801","5,394","6,331","4,850","8,896","8,595"
Union,Summit,"4,895","4,859","4,469","4,568","3,985","4,723"
Warren,Belvidere,521,656,512,598,381,717
Union,Kenilworth,"1,535","1,775","1,407","1,441","1,138","1,544"
Warren,Franklin Twp,493,921,458,887,352,973
Morris,Roxbury,"4,282","6,536","3,941","5,836","3,187","5,914"
Union,New Providence,"2,726","3,267","2,467","2,990","2,046","3,193"
Union,Hillside,"8,059","1,186","7,101",879,"6,680",841
Union,Linden,"11,213","3,814","9,989","2,966","9,110","2,729"
Union,Roselle,"8,034",875,"6,905",697,"6,524",628
Union,Mountainside,"1,401","2,100","1,345","1,904","1,060","2,071"
Union,Rahway,"8,413","2,648","7,351","2,347","6,952","2,211"
Union,Plainfield,"14,640",909,"12,824",832,"11,877",821
Union,Springfield,"4,083","3,179","3,902","2,667","3,192","3,067"
Union,Roselle Park,"3,064","1,931","2,763","1,588","2,440","1,522"
Union,Westfield,"8,080","7,555","7,393","6,944","6,345","7,703"
Union,Union Twp,"16,423","6,464","14,941","5,413","20,250","19,556"
Warren,Hackettstown,"1,661","1,973","1,572","1,900","1,321","2,059"
Warren,Allamuchy,868,"1,489",836,"1,419",688,"1,509"
Atlantic,Weymouth,650,701,636,615,456,817
Bergen,Alpine,342,522,358,426,298,462
Bergen,Bergenfield,"6,665","3,773","6,314","3,149","5,410","3,514"
Bergen,Carlstadt,"1,416","1,165","1,348",997,"1,388",873
Atlantic,Mullica,"1,430","1,439","1,366","1,334","1,007","1,685"
Atlantic,Pleasantville,"5,675",450,"5,119",396,"4,519",752
Atlantic,Port Republic,274,390,252,382,167,464
Atlantic,Ventnor,"2,170","1,965","2,042","1,802","1,528","2,335"
Morris,Pequannock,"3,326","4,850","3,122","4,353","2,399","4,865"
Bergen,Closter,"1,857","1,639","1,782","1,400","1,512","1,564"
Bergen,Cresskill,"1,777","1,805","1,689","1,526","1,710","1,366"
Warren,Mansfield,"1,232","1,789","1,172","1,681",952,"1,826"
Warren,Oxford,403,591,376,558,312,614
Warren,Knowlton,441,833,426,799,341,853
Warren,Lopatcong,"1,638","1,964","1,543","1,826","1,166","2,022"
Atlantic,Buena,"1,011",847,970,730,643,"1,087"
Atlantic,Buena Vista,"1,920","1,483","1,875","1,295","1,414","1,765"
Atlantic,Absecon,"2,172","2,063","2,086","1,921","1,552","2,482"
Atlantic,Atlantic City,"9,948","1,548","8,770","1,391","7,939","2,111"
Bergen,Dumont,"4,407","3,465","4,178","3,049","3,415","3,494"
Bergen,Englewood,"8,855","2,502","8,315","1,791","7,758","2,112"
Bergen,Englewood Cliffs,"1,086","1,369","1,093","1,155","1,156","1,034"
Bergen,East Rutherford,"1,859","1,340","1,711","1,156","1,808",935
Bergen,Elmwood Park,"4,506","2,790","4,092","2,275","4,326","1,826"
Bergen,Garfield,"5,538","2,540","4,889","1,941","5,048","1,625"
Bergen,Hackensack,"11,335","2,835","10,580","2,467","9,514","2,597"
Monmouth,Roosevelt,339,109,322,92,274,135
Bergen,Fairview,"2,549",944,"2,442",737,"2,150",724
Monmouth,Sea Bright,270,379,236,395,291,297
Bergen,Franklin Lakes,"1,601","3,910","1,541","3,489","1,296","3,626"
Monmouth,Ocean Twp,"6,621","6,326","6,032","6,055","5,145","6,428"
Monmouth,Red Bank,"2,730","1,523","2,430","1,620","2,253","1,612"
Bergen,Harrington Park,"1,218","1,340","1,167","1,183",901,"1,350"
Monmouth,Monmouth Beach,662,"1,132",566,"1,146",731,936
Monmouth,Neptune City,"1,183",897,"1,061",874,858,"1,000"
Warren,Independence,964,"1,500",924,"1,414",772,"1,535"
Monmouth,Marlboro,"8,450","9,915","8,334","9,059","8,646","8,359"
Warren,Hope,337,566,317,533,256,585
Monmouth,Middletown,"12,801","18,426","10,642","19,331","24,959","23,962"
Monmouth,Long Branch,"5,421","2,897","5,012","2,709","5,431","2,241"
Monmouth,Manasquan,"1,201","1,826","1,105","1,762",776,"2,028"
Atlantic,Hamilton,"6,748","4,334","6,379","4,024","4,805","5,603"
Atlantic,Longport,160,337,171,299,112,360
Atlantic,Somers Point,"2,506","2,077","2,329","1,942","1,647","2,647"
Monmouth,Sea Girt,294,832,284,804,212,833
Bergen,Allendale,"1,322","2,057","1,217","1,916","1,030","2,020"
Bergen,Bogota,"2,308","1,085","2,182",963,"1,766","1,049"
Bergen,Cliffside Park,"5,410","2,627","5,187","2,200","5,105","2,045"
Bergen,Demarest,"1,211","1,127","1,181","1,001","1,027","1,092"
Bergen,Ho-Ho-Kus,826,"1,447",772,"1,325",641,"1,431"
Bergen,Haworth,992,842,976,733,793,829
Bergen,Leonia,"2,451","1,135","2,335",975,"2,309",894
Bergen,Lodi,"5,420","2,508","4,961","2,098","4,280","2,132"
Bergen,Lyndhurst,"4,689","3,536","4,256","2,954","4,463","2,417"
Bergen,Maywood,"2,513","1,877","2,404","1,629","2,027","1,712"
Bergen,Midland Park,"1,533","2,135","1,401","1,932","1,129","2,119"
Bergen,Moonachie,584,349,551,255,528,220
Bergen,New Milford,"3,780","3,036","3,603","2,672","3,057","2,950"
Bergen,Northvale,924,"1,100",934,941,752,"1,058"
Monmouth,West Long Branch,"1,461","2,029","1,347","1,894","1,620","1,647"
Morris,Boonton Twp,870,"1,430",795,"1,331",597,"1,522"
Monmouth,Shrewsbury Twp,286,129,252,138,219,154
Atlantic,Corbin City,91,138,82,133,59,157
Monmouth,Spring Lake Heights,"1,122","1,481","1,057","1,427",787,"1,663"
Monmouth,Union Beach,"1,109",976,884,"1,045","1,009",887
Atlantic,Folsom,427,442,397,403,252,545
Monmouth,Upper Freehold,"1,372","2,287","1,210","2,222",951,"2,467"
Atlantic,Egg Harbor,"1,121",674,"1,054",590,766,854
Passaic,Pompton Lakes,"2,396","2,418","2,192","2,140","1,848","2,283"
Passaic,North Haledon,"1,593","2,916","1,463","2,592","1,223","2,656"
Passaic,Wayne,"11,283","13,983","10,419","12,024","9,038","12,485"
Passaic,Ringwood,"2,845","3,411","2,621","3,008","2,208","3,282"
Ocean,Surf City,246,402,221,384,171,378
Ocean,Seaside Heights,205,231,166,215,135,200
Passaic,Haledon,"2,142",735,"1,957",617,"2,134",489
Passaic,Bloomingdale,"1,670","1,849","1,523","1,625","1,305","1,759"
Salem,Elmer,224,356,240,315,119,444
Salem,Mannington,306,406,297,376,198,491
Hunterdon,Lebanon Twp,"1,140","2,048","1,065","1,858",843,"2,020"
Hunterdon,Raritan Twp,"4,843","6,798","4,464","6,391","3,722","6,951"
Hunterdon,Kingwood,741,"1,282",673,"1,176",510,"1,266"
Hunterdon,Lebanon,335,471,305,437,253,475
Hunterdon,West Amwell,733,827,675,732,516,845
Hunterdon,Readington,"3,039","5,537","2,831","5,119","2,211","5,520"
Hunterdon,Tewksbury,"1,100","2,291","1,020","2,168",863,"2,267"
Hunterdon,Hampton Boro,262,326,237,286,177,328
Hunterdon,High Bridge,893,846,781,805,662,926
Hunterdon,Frenchtown,431,250,380,239,317,299
Camden,Tavistock,1,2,1,2,1,2
Camden,Winslow,"12,183","4,937","11,778","4,497","11,968","4,098"
Camden,Pine Hill,"3,087",987,"2,973",890,"3,017",809
Camden,Somerdale,"1,718",635,"1,654",544,"1,685",504
Cape May,Stone Harbor,216,411,195,376,122,457
Cape May,Lower Township,"4,823","5,493","4,569","4,563","2,821","6,422"
Cape May,Ocean City,"2,721","3,841","2,527","3,394","1,796","4,173"
Cumberland,Hopewell,856,"1,188",868,"1,019",496,"1,431"
Cumberland,Commercial,983,701,873,563,603,907
Cape May,Wildwood Crest,659,"1,046",638,887,404,"1,149"
Cape May,West Cape May,385,235,343,217,254,318
Burlington,Springfield,743,"1,071",708,"1,025",544,"1,188"
Burlington,Westampton,"3,060","1,368","2,964","1,310","2,494","1,733"
Burlington,Woodland,275,379,250,355,186,428
Camden,Berlin,"1,851","1,720","1,815","1,585","1,956","1,428"
Camden,Brooklawn,542,266,513,239,522,228
Camden,Chesilhurst,629,123,595,106,589,98
Camden,Gibbsboro,705,517,670,457,716,430
Camden,Gloucester Twp,"18,178","9,999","17,838","8,869","18,443","8,095"
Camden,Haddonfield,"3,849","3,054","2,272","1,805","3,480","3,047"
Camden,Oaklyn,"1,200",704,"1,144",666,"1,194",612
Camden,Magnolia,"1,383",580,"1,363",509,"1,407",465
Burlington,Riverton,838,638,830,596,656,764
Burlington,Pemberton,346,294,322,278,254,348
Burlington,Riverside,"1,816","1,073","1,763",954,"1,384","1,325"
Burlington,North Hanover,934,"1,211",901,"1,144",723,"1,304"
Burlington,Palmyra,"2,308","1,287","2,234","1,181","2,318","1,077"
Burlington,Mount Laurel,"12,634","9,797","12,137","9,361","9,763","11,781"
Burlington,New Hanover,194,246,175,237,151,263
Burlington,Medford,"5,747","7,499","5,578","7,145","4,398","8,423"
Burlington,Mount Holly,"2,636","1,127","2,511","1,070","2,094","1,481"
Burlington,Southampton,"2,547","3,166","2,384","3,020","1,800","3,641"
Burlington,Shamong,"1,348","2,084","1,314","1,951",977,"2,315"
Burlington,Medford Lakes,"1,197","1,194","1,102","1,164",884,"1,404"
Hunterdon,Union Twp,955,"1,545",865,"1,448",697,"1,565"
Hunterdon,Stockton,174,120,164,109,126,150
Hunterdon,Lambertville,"1,684",627,"1,605",547,"1,406",694
Mercer,Lawrence,"9,798","4,688","9,389","4,302","10,088","3,734"
Mercer,Trenton,"23,125","1,528","21,040","1,302","20,497","1,204"
Mercer,Ewing,"11,910","4,218","11,251","3,970","11,861","3,379"
Mercer,Hightstown,"1,369",707,"1,262",711,"1,307",649
Middlesex,Highland Park,"4,470","1,528","4,435","1,239","4,479","1,153"
Middlesex,Middlesex Borough,"2,819","2,645","2,698","2,341","2,521","2,265"
Middlesex,Carteret,"5,997","2,002","5,761","1,628","5,436","1,573"
Middlesex,East Brunswick,"11,848","9,064","11,365","8,407","12,028","7,488"
Hudson,Bayonne,"13,467","6,605","12,735","5,067","11,085","4,992"
Gloucester,Woodbury Heights,946,702,986,605,"1,020",555
Hudson,Jersey City,"64,052","10,120","56,469","8,077","108,720","96,859"
Hudson,Harrison,"2,699",689,"2,458",520,"2,134",515
Hudson,Secaucus,"4,188","2,609","3,940","1,942","3,723","1,593"
Hunterdon,Bethlehem,800,"1,323",755,"1,217",597,"1,335"
Hunterdon,Clinton,623,693,564,669,447,761
Hunterdon,Delaware,"1,168","1,618","1,088","1,511",900,"1,665"
Hunterdon,Franklin Twp,588,"1,166",541,"1,066",415,"1,163"
Hunterdon,Glen Gardner,347,438,316,408,266,445
Hunterdon,Holland,"1,041","1,680",930,"1,516",669,"1,759"
Gloucester,Paulsboro,"1,945",501,"1,934",380,"1,925",360
Gloucester,Newfield,388,405,401,335,248,504
Gloucester,National Park,819,442,836,373,853,344
Gloucester,Monroe,"8,986","6,513","9,085","5,573","9,342","5,198"
Gloucester,Logan,"1,779","1,157","1,768","1,042","1,827",958
Gloucester,West Deptford,"6,119","4,463","6,122","4,001","6,149","3,952"
Gloucester,Westville,967,685,950,617,"1,008",549
Gloucester,Washington Twp,"12,050","12,169","12,311","10,774","12,706","10,055"
Gloucester,Wenonah,727,619,696,579,693,564
Gloucester,South Harrison,625,"1,008",616,920,500,"1,021"
Gloucester,Swedesboro,632,417,597,389,496,492
Essex,Millburn,"5,142","4,087","5,027","3,670","3,926","3,674"
Essex,Irvington,"18,538",363,"16,644",309,"16,264",293
Cumberland,Upper Deerfield,"1,614","1,839","1,639","1,556","1,052","2,212"
Cumberland,Millville,"6,653","4,182","6,230","3,431","4,453","5,334"
Essex,Cedar Grove,"2,621","3,541","2,458","2,871","2,042","3,030"
Essex,Belleville,"8,031","4,071","7,117","3,044","6,022","2,969"
Essex,Roseland,"1,391","1,983","1,356","1,642","1,345","1,697"
Essex,Verona,"3,662","3,563","3,359","2,943","2,913","3,143"
Gloucester,Clayton,"2,247","1,206","2,239","1,040","1,812","1,473"
Gloucester,Glassboro,"4,578","2,485","4,520","2,184","4,511","2,109"
Essex,North Caldwell,"1,253","2,043","1,222","1,734","1,027","1,885"
Bergen,Woodcliff Lake,"1,374","1,792","1,387","1,527","1,115","1,709"
Sussex,Andover Twp,"1,034","1,703",998,"1,614",782,"1,796"
Bergen,Wood-Ridge,"2,028","1,777","2,004","1,473","2,206","1,186"
Somerset,Watchung,"1,198","1,687","1,148","1,565","1,008","1,625"
Bergen,Washington Twp,"2,000","2,883","1,872","2,514","1,550","2,679"
Bergen,Waldwick,"2,169","2,606","2,036","2,268","1,599","2,587"
Sussex,Green,525,"1,206",513,"1,139",398,"1,222"
Sussex,Fredon,610,"1,237",564,"1,207",439,"1,311"
Sussex,Frankford,953,"1,901",936,"1,803",720,"2,013"
Burlington,Bordentown,"1,298",605,"1,190",601,"1,063",725
Burlington,Bass River,236,371,232,343,183,389
Sussex,Branchville,156,259,155,235,96,295
Sussex,Lafayette,431,867,396,826,311,907
Sussex,Montague,530,"1,001",517,953,384,"1,055"
Sussex,Hamburg,594,733,570,681,456,813
Sussex,Hardyston,"1,531","2,186","1,478","2,071","1,177","2,309"
Bergen,Tenafly,"3,694","2,489","3,628","2,107","3,594","1,994"
Bergen,Upper Saddle River,"1,405","2,726","1,353","2,450","1,132","2,644"
Bergen,Saddle Brook,"3,264","2,945","3,016","2,343","3,278","1,835"
Bergen,South Hackensack,551,389,496,302,479,279
Bergen,Ramsey,"3,167","4,333","2,951","3,970","2,455","4,354"
Bergen,Paramus,"5,907","6,123","5,852","5,232","4,807","5,839"
Bergen,Ridgewood,"6,181","5,852","5,806","5,337","5,094","5,755"
Somerset,Branchburg,"2,902","4,537","2,747","4,306","2,295","4,539"
Bergen,Ridgefield,"2,320","1,570","2,218","1,342","2,147","1,210"
Bergen,Rochelle Park,"1,289","1,238","1,207","1,021",945,"1,123"
Somerset,Franklin Twp,"19,611","7,640","18,525","7,252","18,647","6,697"
Bergen,River Vale,"2,303","2,962","2,158","2,641","1,777","2,847"
Somerset,Bridgewater,"9,561","10,664","8,885","10,172","7,917","10,522"
Somerset,Millstone,118,119,109,115,109,108
Bergen,Rutherford,"4,771","3,313","4,505","2,984","4,858","2,477"
Somerset,Hillsborough,"9,071","8,842","8,355","8,599","7,380","9,136"
Somerset,Montgomery,"5,549","4,904","5,217","4,786","4,781","4,936"
Somerset,Peapack Gladstone,464,796,413,774,339,800
Somerset,Rocky Hill,252,137,242,137,217,141
Somerset,Somerville,"2,779","1,631","2,593","1,612","2,366","1,691"
Somerset,Warren,"2,636","4,605","2,584","4,186","2,159","4,361"
Bergen,Oakland,"2,845","3,631","2,704","3,192","2,203","3,525"
Bergen,Old Tappan,"1,072","1,792","1,014","1,594",824,"1,671"
Bergen,Palisades Park,"2,487","1,147","2,343",983,"2,367",847
Monmouth,Wall,"4,954","8,855","4,553","8,417","3,339","9,540"
Monmouth,Tinton Falls,"4,788","4,329","4,329","4,295","3,730","4,528"
Monmouth,Spring Lake,514,"1,258",498,"1,196",414,"1,231"
Monmouth,Rumson,"1,111","2,446",938,"2,528",869,"2,424"
Monmouth,Oceanport,"1,200","1,836","1,064","1,789","1,286","1,569"
Monmouth,Neptune Twp,"9,350","3,552","8,507","3,556","7,615","3,987"
Monmouth,Millstone Twp,"1,698","3,340","1,539","3,179","1,195","3,455"
Monmouth,Howell,"9,762","12,529","8,871","11,891","6,575","13,875"
Monmouth,Matawan,"1,937","1,732","1,724","1,783","1,815","1,603"
Monmouth,Loch Arbour,51,68,43,72,57,61
Monmouth,Keyport,"1,664","1,234","1,438","1,335","1,597","1,120"
Monmouth,Hazlet,"4,365","4,844","3,769","4,958","4,467","4,146"
Monmouth,Freehold,"2,182","1,326","1,987","1,291","1,679","1,543"
Monmouth,Fair Haven,"1,411","1,679","1,221","1,751","1,129","1,726"
Cumberland,Bridgeton,"4,125",891,"3,682",739,"3,017","1,306"
Cape May,Woodbine,641,245,467,197,282,355
Monmouth,Bradley Beach,"1,026",783,898,754,786,809
Cumberland,Fairfield,"1,830",534,"1,645",448,"1,253",759
Monmouth,Avon By The Sea,373,662,351,633,277,671
Cumberland,Deerfield,698,597,668,487,449,764
Monmouth,Allentown,540,403,486,393,390,510
Monmouth,Aberdeen,"4,109","3,054","3,708","3,010","3,802","2,745"
Cumberland,Lawrence,539,618,516,520,351,720
Middlesex,South River,"3,033","2,101","2,804","1,989","2,933","1,726"
Cumberland,Greenwich,229,203,225,178,152,271
Sussex,Vernon,"4,322","6,111","4,204","5,689","3,239","6,558"
Middlesex,South Brunswick,"11,583","6,233","10,795","5,906","11,381","5,316"
Sussex,Sussex,270,391,250,371,184,430
Burlington,Maple Shade,"5,003","2,546","4,788","2,263","4,923","2,085"
Union,Berkeley Heights,"2,799","3,897","2,634","3,463","2,178","3,676"
Sussex,Walpack,2,10,3,9,1,10
Burlington,Fieldsboro,175,79,167,71,140,97
Sussex,Ogdensburg,463,636,442,605,343,697
Burlington,Edgewater Park,"2,596","1,083","2,472","1,035","2,112","1,358"
Sussex,Stanhope,738,843,696,791,488,983
Burlington,Lumberton,"3,508","2,504","3,356","2,391","2,759","2,976"
Sussex,Sandyston,327,661,311,610,232,703
Burlington,Florence,"3,354","2,539","3,164","2,423","2,597","2,969"
Burlington,Burlington Twp,"7,345","3,229","7,073","3,038","6,081","3,917"
Burlington,Cinnaminson,"4,391","4,283","4,293","3,996","3,297","5,026"
Burlington,Delanco,"1,406",933,"1,344",881,"1,099","1,113"
Burlington,Eastampton,"1,651","1,069","1,637",973,"1,318","1,290"
Union,Cranford,"6,236","5,772","5,702","5,197","4,728","5,946"
Union,Elizabeth,"24,751","5,213","21,934","3,549","17,845","3,278"
Union,Garwood,968,957,880,851,762,933
Burlington,Bordentown Twp,"2,949","2,034","2,821","1,972","2,267","2,443"
Cumberland,Maurice River,627,810,632,677,394,960
Cumberland,Shiloh,88,159,80,138,39,185
Cumberland,Stow Creek,238,447,226,401,134,514
Cumberland,Vineland,"15,299","8,074","13,809","6,304","9,720","10,290"
Middlesex,New Brunswick,"9,176","1,576","8,456","1,363","8,157","1,356"
Middlesex,Plainsboro,"5,416","2,286","5,106","2,142","5,511","1,801"
Morris,Parsippany-Troy Hills,"11,324","9,948","10,465","8,892","8,340","10,547"
Morris,Randolph,"5,662","6,636","5,348","6,095","4,043","7,241"
Cape May,Dennis,"1,406","1,809","1,367","1,544",878,"2,125"
Cape May,Middle Township,"4,299","4,328","4,046","3,705","2,760","5,119"
Cape May,Avalon,308,622,290,592,211,676
Cape May,Cape May Point,91,83,88,82,73,97
Camden,Woodlynne,826,120,783,105,759,111
Cape May,Wildwood,991,617,882,494,635,756
Cape May,West Wildwood,165,154,148,138,104,170
Cape May,Upper Township,"2,807","4,027","2,528","3,518","1,606","4,576"
Cape May,Sea Isle City,587,916,494,842,327,"1,068"
Cape May,North Wildwood,889,"1,209",785,"1,095",517,"1,397"
Ocean,South Toms River,802,411,743,407,672,449
Ocean,Seaside Park,247,484,226,462,209,421
Morris,Rockaway Twp,"5,562","6,410","5,213","5,725","3,804","6,918"
Morris,Rockaway,"1,362","1,464","1,246","1,320",925,"1,616"
Passaic,Clifton,"18,761","10,885","17,379","8,666","18,985","7,141"
Ocean,Tuckerton,604,745,566,689,472,752
Ocean,Toms River,"16,776","22,773","15,600","21,326","14,365","21,553"
Ocean,Stafford,"5,075","7,159","4,741","6,578","13,604","10,096"
Morris,Kinnelon,"1,772","3,497","1,606","3,211","1,271","3,477"
Camden,Laurel Springs,558,374,528,363,581,326
Camden,Lindenwold,"4,936","1,152","4,729","1,054","4,811",933
Camden,Merchantville,"1,190",592,"1,158",561,"1,162",526
Camden,Mount Ephraim,"1,278",793,"1,228",711,"1,304",655
Camden,Waterford,"2,501","2,406","2,477","2,142","2,066","2,479"
Camden,Voorhees,"8,479","5,450","8,421","4,921","8,703","4,503"
Morris,Netcong,514,649,446,556,338,549
Camden,Pine Valley,2,11,1,11,5,7
Camden,Pennsauken,"12,200","3,233","11,745","2,936","11,595","2,773"
Camden,Stratford,"1,911","1,282","1,855","1,171","1,959","1,072"
Camden,Runnemede,"2,348","1,275","2,298","1,084","2,422",974
Morris,Madison,"3,589","3,715","3,377","3,466","2,702","4,089"
Morris,Lincoln Park,"1,967","2,301","1,826","2,003","1,362","2,331"
Morris,Mine Hill,799,802,743,740,616,750
Morris,Mendham,906,"1,666",850,"1,573",686,"1,725"
Morris,Morris Twp,"5,679","6,133","5,374","5,805","4,181","6,893"
Morris,Montville,"4,101","6,460","3,874","5,741","3,024","6,449"
Morris,Mount Olive,"4,855","5,664","4,507","5,152","3,777","5,356"
Morris,Morristown,"4,485","2,117","4,080","1,930","3,380","2,520"
Salem,Oldmans,448,477,452,415,285,596
Salem,Pennsville,"2,651","3,175","2,929","2,656","1,613","4,043"
Salem,Elsinboro,242,374,263,330,127,481
Salem,Lower Alloways Creek,313,620,393,492,185,711
Camden,Berlin Twp,"1,502",814,"1,448",696,"1,490",628
Camden,Camden,"22,254",683,"20,786",578,"20,228",640
Camden,Bellmawr,"3,064","1,788","3,006","1,607","3,242","1,398"
Camden,Gloucester City,"2,624","1,303","2,635","1,100","2,776",968
Camden,Collingswood,"4,927","1,892","4,748","1,758","4,732","1,691"
Camden,Clementon,"1,316",607,"1,271",544,"1,329",491
Camden,Cherry Hill,"22,128","13,872","21,955","12,383","21,802","11,875"
Camden,Hi-Nella,213,98,192,98,205,83
Camden,Haddon Twp,"4,975","3,104","3,708","2,906","4,898","2,723"
Camden,Haddon Heights,"2,352","1,891","4,820","2,871","2,441","1,667"
Somerset,Bernardsville,"1,408","2,318","1,301","2,251","1,090","2,327"
Somerset,Bernards Twp,"5,338","7,879","5,102","7,460","4,357","7,746"
Salem,Woodstown,886,792,866,750,593,"1,026"
Salem,Salem,"1,674",309,"1,563",258,"1,280",566
Salem,Quinton,522,673,558,569,350,797
Salem,Pilesgrove,950,"1,273",974,"1,172",608,"1,553"
Passaic,Hawthorne,"4,195","4,114","3,980","3,530","4,608","2,873"
Passaic,Little Falls,"3,190","2,780","2,797","2,381","2,409","2,507"
Passaic,Passaic,"12,011","3,447","10,920","2,400","10,843","2,226"
Somerset,Bedminster,"1,895","2,424","1,813","2,333","1,552","2,472"
Somerset,South Bound Brook,"1,001",627,946,590,913,570
Warren,Washington Twp,"1,118","2,001","1,047","1,931",878,"2,020"
Sussex,Stillwater,735,"1,283",721,"1,205",562,"1,351"
Burlington,Washington Twp,142,221,136,195,91,240
Burlington,Tabernacle,"1,525","2,247","1,465","2,165","1,095","2,555"
Burlington,Wrightstown,143,76,124,68,112,84
Burlington,Willingboro,"15,635","1,300","15,006","1,223","14,004","1,944"
Camden,Barrington,"2,015","1,310","1,972","1,228","2,000","1,183"
Camden,Audubon,"2,718","1,704","2,603","1,578","2,705","1,481"
Passaic,Woodland Park,"3,119","2,471","2,907","2,076","2,582","2,142"
Passaic,West Milford,"4,832","7,003","4,483","6,105","3,713","6,744"
Salem,Carneys Point,"1,974","1,379","1,964","1,217","1,374","1,830"
Passaic,Prospect Park,"1,744",348,"1,602",300,"1,657",246
Passaic,Paterson,"41,662","2,696","37,065","1,852","37,634","1,526"
Passaic,Wanaque,"2,400","2,633","2,185","2,288","1,838","2,383"
Passaic,Totowa,"2,083","2,834","1,793","2,545","1,508","2,617"