,,Adj. Cohort Count,Adj. Cohort Count,Adj. Cohort Count,Adj. Cohort Count,Adj. Cohort Count,Graduates,Graduates,Graduates,Graduates,Graduates,HS Grad. Rate (%),HS Grad. Rate (%),HS Grad. Rate (%),HS Grad. Rate (%),HS Grad. Rate (%)
County  ,School District Name  ,2013-2014  ,2014-2015  ,2015-2016  ,2016-2017  ,2017-2018  ,2013-2014  ,2014-2015  ,2015-2016  ,2016-2017  ,2017-2018  ,2013-2014  ,2014-2015  ,2015-2016  ,2016-2017  ,2017-2018  
Atlantic,Longport,-,-,-,-,-,-,-,-,-,-,-,-,-,-,-
Atlantic,Mainland Regional,-,344,331,388,330,-,330,310,372,315,-,95.93,93.66,95.88,95.45
Atlantic,Folsom,-,-,-,-,-,-,-,-,-,-,-,-,-,-,-
Atlantic,Galloway,-,-,-,-,-,-,-,-,-,-,-,-,-,-,-
Morris,Randolph,-,376,431,371,440,-,370,420,368,427,-,98.4,97.45,99.19,97.05
Atlantic,Egg Harbor Twp,-,618,595,584,601,-,580,549,550,574,-,93.85,92.27,94.18,95.51
Morris,Pequannock,-,201,206,184,168,-,194,199,175,166,-,96.52,96.6,95.11,98.81
Atlantic,Estell Manor,-,-,-,-,-,-,-,-,-,-,-,-,-,-,-
Morris,Parsippany Troy Hls,-,527,516,529,505,-,510,495,500,480,-,96.77,95.93,94.52,95.05
Atlantic,Hammonton,-,351,392,372,320,-,320,359,323,301,-,91.17,91.58,86.83,94.06
Morris,Netcong,-,-,-,-,-,-,-,-,-,-,-,-,-,-,-
Atlantic,Linwood,-,-,-,-,-,-,-,-,-,-,-,-,-,-,-
Morris,Mountain Lakes,-,181,162,194,182,-,174,153,185,175,-,96.13,94.44,95.36,96.15
Atlantic,Greater Egg Harbor Regional,-,875,906,839,849,-,798,836,756,784,-,91.2,92.27,90.11,92.34
Morris,Mount Olive,-,364,365,360,360,-,334,342,339,346,-,91.76,93.7,94.17,96.11
Atlantic,Hamilton,-,-,-,-,-,-,-,-,-,-,-,-,-,-,-
Morris,Morris Plains,-,-,-,-,-,-,-,-,-,-,-,-,-,-,-
Cumberland,Greenwich,-,-,-,-,-,-,-,-,-,-,-,-,-,-,-
Morris,Mount Arlington,-,-,-,-,-,-,-,-,-,-,-,-,-,-,-
Cumberland,Fairfield,-,-,-,-,-,-,-,-,-,-,-,-,-,-,-
Morris,Morris County Vocational,-,170,182,498,449,-,168,181,434,376,-,98.82,99.45,87.15,83.74
Morris,Morris Hills Regional,-,692,692,766,731,-,644,645,702,694,-,93.06,93.21,91.64,94.94
Cumberland,Millville,-,450,455,491,488,-,406,413,419,414,-,90.22,90.77,85.34,84.84
Cumberland,Maurice River,-,-,-,-,-,-,-,-,-,-,-,-,-,-,-
Cumberland,Lawrence,-,-,-,-,-,-,-,-,-,-,-,-,-,-,-
Cumberland,Hopewell,-,-,-,-,-,-,-,-,-,-,-,-,-,-,-
Cumberland,Vineland,-,705,697,721,733,-,535,534,568,605,-,75.89,76.61,78.78,82.54
Cumberland,Upper Deerfield,-,-,-,-,-,-,-,-,-,-,-,-,-,-,-
Cumberland,Stow Creek,-,-,-,-,-,-,-,-,-,-,-,-,-,-,-
Cumberland,Shiloh,-,-,-,-,-,-,-,-,-,-,-,-,-,-,-
Passaic,Lakeland Regional,-,283,247,262,232,-,268,226,244,217,-,94.7,91.5,93.13,93.53
Bergen,Alpine,-,-,-,-,-,-,-,-,-,-,-,-,-,-,-
Passaic,Little Falls,-,-,-,-,-,-,-,-,-,-,-,-,-,-,-
Passaic,Manchester Regional,-,264,275,840,231,-,221,219,659,183,-,83.71,79.64,78.45,79.22
Passaic,North Haledon,-,-,-,-,-,-,-,-,-,-,-,-,-,-,-
Passaic,Haledon,-,-,-,-,-,-,-,-,-,-,-,-,-,-,-
Passaic,Hawthorne,-,168,160,179,174,-,152,147,166,155,-,90.48,91.88,92.74,89.08
Atlantic,Mullica,-,-,-,-,-,-,-,-,-,-,-,-,-,-,-
Ocean,Bay Head,-,-,-,-,-,-,-,-,-,-,-,-,-,-,-
Atlantic,Northfield,-,-,-,-,-,-,-,-,-,-,-,-,-,-,-
Atlantic,Pleasantville,-,220,188,238,193,-,179,152,206,170,-,81.36,80.85,86.55,88.08
Atlantic,Port Republic,-,-,-,-,-,-,-,-,-,-,-,-,-,-,-
Passaic,Passaic,-,793,825,212,885,-,621,632,169,700,-,78.31,76.61,79.72,79.1
Morris,West Morris Regional,-,691,680,707,625,-,674,666,686,618,-,97.54,97.94,97.03,98.88
Atlantic,Somers Point,-,-,-,-,-,-,-,-,-,-,-,-,-,-,-
Passaic,Passaic County Vocational,-,774,766,792,856,-,762,750,781,839,-,98.45,97.91,98.61,98.01
Morris,Washington Twp,-,-,-,-,-,-,-,-,-,-,-,-,-,-,-
Atlantic,Ventnor,-,-,-,-,-,-,-,-,-,-,-,-,-,-,-
Passaic,Passaic Valley Regional,-,390,360,329,352,-,366,326,297,316,-,93.85,90.56,90.27,89.77
Ocean,Barnegat Twp,-,246,271,242,241,-,211,248,212,213,-,85.77,91.51,87.6,88.38
Atlantic,Weymouth,-,-,-,-,-,-,-,-,-,-,-,-,-,-,-
Passaic,Paterson,-,"1,596","1,615","1,441","1,479",-,"1,249","1,264","1,265","1,254",-,78.26,78.27,87.79,84.79
Morris,Wharton,-,-,-,-,-,-,-,-,-,-,-,-,-,-,-
Bergen,Allendale,-,-,-,-,-,-,-,-,-,-,-,-,-,-,-
Morris,Rockaway,-,-,-,-,-,-,-,-,-,-,-,-,-,-,-
Bergen,Rockleigh,-,-,-,-,-,-,-,-,-,-,-,-,-,-,-
Essex,Belleville,-,398,411,348,377,-,366,350,296,322,-,91.96,85.16,85.06,85.41
Hudson,Hudson County Vocational,-,482,441,442,534,-,412,409,430,523,-,85.48,92.74,97.29,97.94
Morris,Rockaway Twp,-,-,-,-,-,-,-,-,-,-,-,-,-,-,-
Bergen,Rochelle Park,-,-,-,-,-,-,-,-,-,-,-,-,-,-,-
Hudson,Hoboken,-,96,143,129,106,-,80,123,116,95,-,83.33,86.01,89.92,89.62
Morris,Roxbury,-,370,384,342,375,-,350,360,319,350,-,94.59,93.75,93.27,93.33
Essex,Caldwell-West Caldwell,-,203,201,201,218,-,197,193,189,217,-,97.04,96.02,94.03,99.54
Hudson,Harrison,-,181,184,186,197,-,166,174,171,187,-,91.71,94.57,91.94,94.92
Morris,Victory Gardens,-,-,-,-,-,-,-,-,-,-,-,-,-,-,-
Essex,Bloomfield,-,499,539,481,530,-,449,484,439,477,-,89.98,89.8,91.27,90
Bergen,River Dell Regional,-,287,264,283,242,-,283,255,279,232,-,98.61,96.59,98.59,95.87
Essex,East Orange,-,692,642,653,646,-,523,480,501,511,-,75.58,74.77,76.72,79.1
Hudson,Secaucus,-,137,134,135,145,-,133,126,133,138,-,97.08,94.03,98.52,95.17
Bergen,Ridgewood,-,427,436,429,444,-,416,417,418,432,-,97.42,95.64,97.44,97.3
Essex,Cedar Grove,-,114,117,124,146,-,112,113,122,142,-,98.25,96.58,98.39,97.26
Hudson,North Bergen,-,672,699,617,661,-,579,578,527,546,-,86.16,82.69,85.41,82.6
Atlantic,Margate,-,-,-,-,-,-,-,-,-,-,-,-,-,-,-
Bergen,River Vale,-,-,-,-,-,-,-,-,-,-,-,-,-,-,-
Essex,Essex Fells,-,-,-,-,-,-,-,-,-,-,-,-,-,-,-
Hudson,Kearny,-,446,452,466,468,-,403,407,428,428,-,90.36,90.04,91.85,91.45
Morris,Riverdale,-,-,-,-,-,-,-,-,-,-,-,-,-,-,-
Bergen,River Edge,-,-,-,-,-,-,-,-,-,-,-,-,-,-,-
Essex,Essex County Vocational,-,503,531,499,512,-,479,516,482,488,-,95.23,97.18,96.59,95.31
Hudson,Jersey City,-,"1,759","1,682","1,671","1,633",-,"1,296","1,259","1,295","1,294",-,73.68,74.85,77.5,79.24
Bergen,Ramsey,-,232,226,222,203,-,227,223,213,198,-,97.84,98.67,95.95,97.54
Essex,Glen Ridge,-,134,130,143,127,-,131,126,140,123,-,97.76,96.92,97.9,96.85
Bergen,Ramapo Indian Hills Regional,-,582,572,606,600,-,568,555,590,582,-,97.59,97.03,97.36,97
Essex,Fairfield,-,-,-,-,-,-,-,-,-,-,-,-,-,-,-
Bergen,Ridgefield Park,-,250,252,235,270,-,232,232,220,255,-,92.8,92.06,93.62,94.44
Hudson,Weehawken,-,81,82,96,70,-,69,74,94,66,-,85.19,90.24,97.92,94.29
Bergen,Ridgefield,-,143,130,141,147,-,128,119,116,122,-,89.51,91.54,82.27,82.99
Essex,Irvington,-,418,444,364,392,-,294,314,266,306,-,70.33,70.72,73.08,78.06
Hudson,Union City,-,822,905,890,924,-,719,720,760,788,-,87.47,79.56,85.39,85.28
Passaic,Prospect Park,-,-,-,-,-,-,-,-,-,-,-,-,-,-,-
Passaic,Ringwood,-,-,-,-,-,-,-,-,-,-,-,-,-,-,-
Passaic,Pompton Lakes,-,155,160,188,178,-,147,152,181,174,-,94.84,95,96.28,97.75
Warren,Warren County Vocational,-,121,108,92,107,-,115,106,91,105,-,95.04,98.15,98.91,98.13
Passaic,Wayne,-,726,712,671,705,-,700,681,645,672,-,96.42,95.65,96.13,95.32
Warren,Warren Hills Regional,-,306,339,323,335,-,278,321,302,315,-,90.85,94.69,93.5,94.03
Passaic,West Milford,-,315,309,282,296,-,302,291,268,277,-,95.87,94.17,95.04,93.58
Warren,Phillipsburg,-,396,402,458,443,-,348,365,420,404,-,87.88,90.8,91.7,91.2
Passaic,Totowa,-,-,-,-,-,-,-,-,-,-,-,-,-,-,-
Warren,Pohatcong,-,-,-,-,-,-,-,-,-,-,-,-,-,-,-
Passaic,Wanaque,-,-,-,-,-,-,-,-,-,-,-,-,-,-,-
Warren,North Warren Regional,-,171,151,165,157,-,162,143,154,145,-,94.74,94.7,93.33,92.36
Salem,Elmer,-,-,-,-,-,-,-,-,-,-,-,-,-,-,-
Ocean,Lakewood,-,268,299,292,335,-,197,225,221,274,-,73.51,75.25,75.68,81.79
Warren,Oxford,-,-,-,-,-,-,-,-,-,-,-,-,-,-,-
Ocean,Lakehurst,-,-,-,-,-,-,-,-,-,-,-,-,-,-,-
Warren,Lopatcong,-,-,-,-,-,-,-,-,-,-,-,-,-,-,-
Passaic,Woodland Park,-,-,-,-,-,-,-,-,-,-,-,-,-,-,-
Ocean,Lacey,-,370,363,324,309,-,346,338,290,281,-,93.51,93.11,89.51,90.94
Warren,Mansfield,-,-,-,-,-,-,-,-,-,-,-,-,-,-,-
Salem,Alloway,-,-,-,-,-,-,-,-,-,-,-,-,-,-,-
Ocean,Jackson,-,743,798,755,731,-,693,727,708,684,-,93.27,91.1,93.77,93.57
Warren,Hope,-,-,-,-,-,-,-,-,-,-,-,-,-,-,-
Warren,Knowlton,-,-,-,-,-,-,-,-,-,-,-,-,-,-,-
Ocean,Beach Haven,-,-,-,-,-,-,-,-,-,-,-,-,-,-,-
Cape May,Middle Township,-,218,209,211,200,-,176,170,172,161,-,80.73,81.34,81.52,80.5
Bergen,Waldwick,-,115,116,111,130,-,111,110,106,127,-,96.52,94.83,95.5,97.69
Ocean,Berkeley Twp,-,-,-,-,-,-,-,-,-,-,-,-,-,-,-
Cape May,Lower Township,-,-,-,-,-,-,-,-,-,-,-,-,-,-,-
Bergen,Upper Saddle River,-,-,-,-,-,-,-,-,-,-,-,-,-,-,-
Cape May,Lower Cape May Regional,-,253,223,232,235,-,203,181,183,201,-,80.24,81.17,78.88,85.53
Bergen,Teterboro,-,-,-,-,-,-,-,-,-,-,-,-,-,-,-
Cape May,Dennis,-,-,-,-,-,-,-,-,-,-,-,-,-,-,-
Bergen,Tenafly,-,301,304,281,288,-,292,299,277,281,-,97.01,98.36,98.58,97.57
Ocean,Eagleswood,-,-,-,-,-,-,-,-,-,-,-,-,-,-,-
Ocean,Island Heights,-,-,-,-,-,-,-,-,-,-,-,-,-,-,-
Ocean,Brick,-,856,808,736,764,-,769,733,669,694,-,89.84,90.72,90.9,90.84
Ocean,Central Regional,-,320,349,356,322,-,269,304,308,288,-,84.06,87.11,86.52,89.44
Bergen,Wallington,-,98,98,97,82,-,94,94,92,78,-,95.92,95.92,94.85,95.12
Bergen,Rutherford,-,206,208,188,184,-,195,195,170,172,-,94.66,93.75,90.43,93.48
Cape May,West Cape May,-,-,-,-,-,-,-,-,-,-,-,-,-,-,-
Cape May,Upper Township,-,-,-,-,-,-,-,-,-,-,-,-,-,-,-
Bergen,Teaneck,-,325,354,365,374,-,293,327,324,346,-,90.15,92.37,88.77,92.51
Cape May,Stone Harbor,-,-,-,-,-,-,-,-,-,-,-,-,-,-,-
Bergen,South Hackensack,-,-,-,-,-,-,-,-,-,-,-,-,-,-,-
Cape May,Sea Isle City,-,-,-,-,-,-,-,-,-,-,-,-,-,-,-
Bergen,Saddle River,-,-,-,-,-,-,-,-,-,-,-,-,-,-,-
Cape May,Ocean City,-,319,314,326,330,-,309,299,314,318,-,96.87,95.22,96.32,96.36
Cape May,North Wildwood,-,-,-,-,-,-,-,-,-,-,-,-,-,-,-
Bergen,Saddle Brook,-,122,130,152,111,-,113,122,142,108,-,92.62,93.85,93.42,97.3
Salem,Elsinboro,-,-,-,-,-,-,-,-,-,-,-,-,-,-,-
Salem,Lower Alloways Creek,-,-,-,-,-,-,-,-,-,-,-,-,-,-,-
Salem,Mannington,-,-,-,-,-,-,-,-,-,-,-,-,-,-,-
Salem,Oldmans,-,-,-,-,-,-,-,-,-,-,-,-,-,-,-
Salem,Penns Grove-Carneys Point Regional,-,139,162,139,150,-,103,117,80,114,-,74.1,72.22,57.55,76
Atlantic,Buena Regional,-,180,205,169,159,-,163,188,147,132,-,90.56,91.71,86.98,83.02
Salem,Pennsville,-,130,136,111,146,-,108,121,99,131,-,83.08,88.97,89.19,89.73
Atlantic,Corbin City,-,-,-,-,-,-,-,-,-,-,-,-,-,-,-
Salem,Pittsgrove,-,139,149,149,164,-,131,135,141,154,-,94.24,90.6,94.63,93.9
Atlantic,Egg Harbor,-,-,-,-,-,-,-,-,-,-,-,-,-,-,-
Salem,Quinton,-,-,-,-,-,-,-,-,-,-,-,-,-,-,-
Salem,Salem,-,75,83,76,77,-,58,71,67,71,-,77.33,85.54,88.16,92.21
Ocean,Pinelands Regional,-,271,275,270,252,-,251,238,248,233,-,92.62,86.55,91.85,92.46
Atlantic,Absecon,-,-,-,-,-,-,-,-,-,-,-,-,-,-,-
Salem,Salem County Vocational,-,148,147,189,186,-,146,141,178,180,-,98.65,95.92,94.18,96.77
Ocean,Ocean Twp,-,-,-,-,-,-,-,-,-,-,-,-,-,-,-
Atlantic,Atlantic City,-,582,549,514,540,-,429,418,414,438,-,73.71,76.14,80.54,81.11
Atlantic,Atlantic County Vocational,-,260,312,318,337,-,255,309,314,334,-,98.08,99.04,98.74,99.11
Ocean,Plumsted,-,113,137,133,130,-,109,128,127,122,-,96.46,93.43,95.49,93.85
Atlantic,Brigantine,-,-,-,-,-,-,-,-,-,-,-,-,-,-,-
Warren,Washington,-,-,-,-,-,-,-,-,-,-,-,-,-,-,-
Warren,Washington Twp,-,-,-,-,-,-,-,-,-,-,-,-,-,-,-
Warren,White,-,-,-,-,-,-,-,-,-,-,-,-,-,-,-
Burlington,Burlington,-,144,143,134,140,-,113,124,115,126,-,78.47,86.71,85.82,90
Cape May,Wildwood Crest,-,-,-,-,-,-,-,-,-,-,-,-,-,-,-
Ocean,Lavallette,-,-,-,-,-,-,-,-,-,-,-,-,-,-,-
Burlington,Bordentown Regional,-,191,191,182,191,-,169,178,163,184,-,88.48,93.19,89.56,96.34
Cape May,Wildwood,-,83,67,83,63,-,64,53,63,49,-,77.11,79.1,75.9,77.78
Ocean,Little Egg Harbor,-,-,-,-,-,-,-,-,-,-,-,-,-,-,-
Burlington,Burlington Twp,-,339,310,342,325,-,323,296,331,306,-,95.28,95.48,96.78,94.15
Cumberland,Bridgeton,-,283,311,317,373,-,216,245,232,263,-,76.33,78.78,73.19,70.51
Ocean,Long Beach Island Consolidated,-,-,-,-,-,-,-,-,-,-,-,-,-,-,-
Burlington,Burlington County Vocational,-,510,498,460,467,-,494,484,446,455,-,96.86,97.19,96.96,97.43
Cape May,Woodbine,-,-,-,-,-,-,-,-,-,-,-,-,-,-,-
Ocean,Manchester,-,252,231,241,261,-,218,217,218,251,-,86.51,93.94,90.46,96.17
Ocean,Matoloking,-,-,-,-,-,-,-,-,-,-,-,-,-,-,-
Ocean,Ocean County Vocational,-,124,127,162,159,-,122,127,159,153,-,98.39,100,98.15,96.23
Cape May,West Wildwood,-,-,-,-,-,-,-,-,-,-,-,-,-,-,-
Ocean,Ocean Gate,-,-,-,-,-,-,-,-,-,-,-,-,-,-,-
Cumberland,Downe,-,-,-,-,-,-,-,-,-,-,-,-,-,-,-
Bergen,Wood-Ridge,-,118,106,87,121,-,108,93,83,110,-,91.53,87.74,95.4,90.91
Bergen,Westwood Regional,-,214,186,187,245,-,207,179,184,240,-,96.73,96.24,98.4,97.96
Bergen,Wyckoff,-,-,-,-,-,-,-,-,-,-,-,-,-,-,-
Cumberland,Cumberland County Vocational,-,-,-,-,-,-,-,-,-,-,-,-,-,-,-
Bergen,Woodcliff Lake,-,-,-,-,-,-,-,-,-,-,-,-,-,-,-
Cumberland,Commercial,-,-,-,-,-,-,-,-,-,-,-,-,-,-,-
Burlington,Beverly,-,-,-,-,-,-,-,-,-,-,-,-,-,-,-
Cumberland,Deerfield,-,-,-,-,-,-,-,-,-,-,-,-,-,-,-
Burlington,Bass River,-,-,-,-,-,-,-,-,-,-,-,-,-,-,-
Cumberland,Cumberland Regional,-,355,334,334,340,-,319,289,294,315,-,89.86,86.53,88.02,92.65
Monmouth,Rumson-Fair Haven Regional,-,187,239,261,256,-,184,238,252,252,-,98.4,99.58,96.55,98.44
Monmouth,Sea Bright,-,-,-,-,-,-,-,-,-,-,-,-,-,-,-
Monmouth,Roosevelt,-,-,-,-,-,-,-,-,-,-,-,-,-,-,-
Monmouth,Rumson,-,-,-,-,-,-,-,-,-,-,-,-,-,-,-
Gloucester,Gloucester County Vocational,-,243,226,225,195,-,238,224,220,193,-,97.94,99.12,97.78,98.97
Monmouth,Red Bank,-,-,-,-,-,-,-,-,-,-,-,-,-,-,-
Gloucester,Glassboro,-,177,157,140,161,-,158,139,132,141,-,89.27,88.54,94.29,87.58
Monmouth,Red Bank Regional,-,326,309,303,314,-,313,298,292,294,-,96.01,96.44,96.37,93.63
Monmouth,Ocean Twp,-,307,332,306,295,-,289,302,286,281,-,94.14,90.96,93.46,95.25
Monmouth,Oceanport,-,-,-,-,-,-,-,-,-,-,-,-,-,-,-
Monmouth,Sea Girt,-,-,-,-,-,-,-,-,-,-,-,-,-,-,-
Monmouth,Shore Regional,-,162,165,163,146,-,159,159,153,139,-,98.15,96.36,93.87,95.21
Burlington,Edgewater Park,-,-,-,-,-,-,-,-,-,-,-,-,-,-,-
Burlington,Evesham,-,-,-,-,-,-,-,-,-,-,-,-,-,-,-
Burlington,Delran,-,208,218,235,227,-,192,208,214,216,-,92.31,95.41,91.06,95.15
Burlington,Eastampton,-,-,-,-,-,-,-,-,-,-,-,-,-,-,-
Burlington,Cinnaminson,-,179,193,209,214,-,172,186,199,208,-,96.09,96.37,95.22,97.2
Burlington,Delanco,-,-,-,-,-,-,-,-,-,-,-,-,-,-,-
Burlington,Chesterfield,-,-,-,-,-,-,-,-,-,-,-,-,-,-,-
Gloucester,Kingsway Regional,-,419,423,463,476,-,398,397,444,466,-,94.99,93.85,95.9,97.9
Gloucester,Logan,-,-,-,-,-,-,-,-,-,-,-,-,-,-,-
Gloucester,Greenwich,-,-,-,-,-,-,-,-,-,-,-,-,-,-,-
Gloucester,Harrison Twp,-,-,-,-,-,-,-,-,-,-,-,-,-,-,-
Burlington,Lenape Regional,-,"1,773","1,731","1,756","1,723",-,"1,693","1,666","1,686","1,654",-,95.49,96.24,96.01,96
Gloucester,National Park,-,-,-,-,-,-,-,-,-,-,-,-,-,-,-
Gloucester,Newfield,-,-,-,-,-,-,-,-,-,-,-,-,-,-,-
Burlington,Florence,-,105,113,114,88,-,94,105,106,81,-,89.52,92.92,92.98,92.05
Gloucester,Mantua,-,-,-,-,-,-,-,-,-,-,-,-,-,-,-
Burlington,Hainesport,-,-,-,-,-,-,-,-,-,-,-,-,-,-,-
Gloucester,Monroe,-,463,471,451,510,-,409,429,402,470,-,88.34,91.08,89.14,92.16
Monmouth,Upper Freehold,-,330,325,332,319,-,316,309,324,314,-,95.76,95.08,97.59,98.43
Monmouth,Wall,-,303,340,310,294,-,284,335,295,288,-,93.73,98.53,95.16,97.96
Warren,Alpha,-,-,-,-,-,-,-,-,-,-,-,-,-,-,-
Monmouth,West Long Branch,-,-,-,-,-,-,-,-,-,-,-,-,-,-,-
Morris,Boonton,-,147,144,163,142,-,141,137,156,134,-,95.92,95.14,95.71,94.37
Warren,Blairstown,-,-,-,-,-,-,-,-,-,-,-,-,-,-,-
Monmouth,Spring Lake,-,-,-,-,-,-,-,-,-,-,-,-,-,-,-
Gloucester,Paulsboro,-,102,102,99,100,-,87,78,87,79,-,85.29,76.47,87.88,79
Warren,Belvidere,-,132,109,119,144,-,122,104,113,136,-,92.42,95.41,94.96,94.44
Monmouth,Spring Lake Heights,-,-,-,-,-,-,-,-,-,-,-,-,-,-,-
Warren,Frelinghuysen,-,-,-,-,-,-,-,-,-,-,-,-,-,-,-
Monmouth,Tinton Falls,-,-,-,-,-,-,-,-,-,-,-,-,-,-,-
Gloucester,South Harrison,-,-,-,-,-,-,-,-,-,-,-,-,-,-,-
Warren,Franklin Twp,-,-,-,-,-,-,-,-,-,-,-,-,-,-,-
Monmouth,Union Beach,-,-,-,-,-,-,-,-,-,-,-,-,-,-,-
Gloucester,Pitman,-,113,135,102,113,-,101,125,96,107,-,89.38,92.59,94.12,94.69
Warren,Greenwich,-,-,-,-,-,-,-,-,-,-,-,-,-,-,-
Warren,Great Meadows Regional,-,-,-,-,-,-,-,-,-,-,-,-,-,-,-
Warren,Hardwick,-,-,-,-,-,-,-,-,-,-,-,-,-,-,-
Warren,Hackettstown,-,240,264,249,223,-,220,247,233,206,-,91.67,93.56,93.57,92.38
Morris,Boonton Twp,-,-,-,-,-,-,-,-,-,-,-,-,-,-,-
Warren,Harmony,-,-,-,-,-,-,-,-,-,-,-,-,-,-,-
Burlington,Medford Twp,-,-,-,-,-,-,-,-,-,-,-,-,-,-,-
Burlington,Moorestown,-,347,321,350,330,-,336,316,348,323,-,96.83,98.44,99.43,97.88
Burlington,Mount Holly,-,-,-,-,-,-,-,-,-,-,-,-,-,-,-
Burlington,Mount Laurel,-,-,-,-,-,-,-,-,-,-,-,-,-,-,-
Burlington,Lumberton,-,-,-,-,-,-,-,-,-,-,-,-,-,-,-
Burlington,Mansfield,-,-,-,-,-,-,-,-,-,-,-,-,-,-,-
Burlington,Maple Shade,-,133,145,139,134,-,122,133,120,114,-,91.73,91.72,86.33,85.07
Burlington,Medford Lakes,-,-,-,-,-,-,-,-,-,-,-,-,-,-,-
Gloucester,Swedesboro-Woolwich,-,-,-,-,-,-,-,-,-,-,-,-,-,-,-
Gloucester,Washington Twp,-,625,604,618,590,-,588,562,584,564,-,94.08,93.05,94.5,95.59
Monmouth,Shrewsbury,-,-,-,-,-,-,-,-,-,-,-,-,-,-,-
Gloucester,Wenonah,-,-,-,-,-,-,-,-,-,-,-,-,-,-,-
Gloucester,West Deptford,-,210,246,246,214,-,202,225,230,203,-,96.19,91.46,93.5,94.86
Burlington,New Hanover,-,-,-,-,-,-,-,-,-,-,-,-,-,-,-
Gloucester,Westville,-,-,-,-,-,-,-,-,-,-,-,-,-,-,-
Burlington,North Hanover,-,-,-,-,-,-,-,-,-,-,-,-,-,-,-
Gloucester,Woodbury,-,90,114,112,111,-,74,102,97,90,-,82.22,89.47,86.61,81.08
Gloucester,Woodbury Heights,-,-,-,-,-,-,-,-,-,-,-,-,-,-,-
Morris,Dover,-,213,224,247,281,-,180,191,217,241,-,84.51,85.27,87.85,85.77
Morris,East Hanover,-,-,-,-,-,-,-,-,-,-,-,-,-,-,-
Morris,Chester,-,-,-,-,-,-,-,-,-,-,-,-,-,-,-
Morris,Denville,-,-,-,-,-,-,-,-,-,-,-,-,-,-,-
Morris,Hanover Park Regional,-,391,426,403,396,-,380,416,393,387,-,97.19,97.65,97.52,97.73
Morris,Harding,-,-,-,-,-,-,-,-,-,-,-,-,-,-,-
Morris,Florham Park,-,-,-,-,-,-,-,-,-,-,-,-,-,-,-
Morris,Hanover,-,-,-,-,-,-,-,-,-,-,-,-,-,-,-
Burlington,Northern Burlington County Regional,-,348,322,324,332,-,324,305,305,320,-,93.1,94.72,94.14,96.39
Burlington,Pemberton Twp.,-,253,267,279,286,-,227,230,241,271,-,89.72,86.14,86.38,94.76
Burlington,Rancocas Valley Regional,-,547,494,560,579,-,491,448,492,530,-,89.76,90.69,87.86,91.54
Burlington,Palmyra,-,79,108,76,82,-,69,96,67,76,-,87.34,88.89,88.16,92.68
Burlington,Pemberton,-,-,-,-,-,-,-,-,-,-,-,-,-,-,-
Burlington,Shamong,-,-,-,-,-,-,-,-,-,-,-,-,-,-,-
Burlington,Southampton,-,-,-,-,-,-,-,-,-,-,-,-,-,-,-
Burlington,Riverside,-,128,124,125,113,-,109,100,110,97,-,85.16,80.65,88,85.84
Essex,South Orange-Maplewood,-,510,484,448,519,-,463,430,405,488,-,90.78,88.84,90.4,94.03
Burlington,Riverton,-,-,-,-,-,-,-,-,-,-,-,-,-,-,-
Essex,Verona,-,163,153,156,161,-,163,149,151,156,-,100,97.39,96.79,96.89
Essex,Orange,-,316,279,295,300,-,263,253,269,268,-,83.23,90.68,91.19,89.33
Essex,Roseland,-,-,-,-,-,-,-,-,-,-,-,-,-,-,-
Burlington,Springfield,-,-,-,-,-,-,-,-,-,-,-,-,-,-,-
Essex,North Caldwell,-,-,-,-,-,-,-,-,-,-,-,-,-,-,-
Essex,Nutley,-,303,313,331,321,-,289,296,316,303,-,95.38,94.57,95.47,94.39
Morris,Chathams,-,296,290,329,301,-,289,285,326,297,-,97.64,98.28,99.09,98.67
Essex,Montclair,-,478,507,520,502,-,437,467,486,470,-,91.42,92.11,93.46,93.63
Morris,Butler,-,115,115,153,132,-,104,104,144,119,-,90.43,90.43,94.12,90.15
Essex,Newark,-,"2,795","2,484","2,393","2,645",-,"1,945","1,825","1,878","2,002",-,69.59,73.47,78.48,75.69
Essex,Livingston,-,469,474,461,500,-,455,453,442,487,-,97.01,95.57,95.88,97.4
Essex,Millburn,-,357,393,363,373,-,351,382,356,368,-,98.32,97.2,98.07,98.66
Morris,Long Hill,-,-,-,-,-,-,-,-,-,-,-,-,-,-,-
Morris,Madison,-,205,222,203,209,-,200,215,197,203,-,97.56,96.85,97.04,97.13
Morris,Mendham,-,-,-,-,-,-,-,-,-,-,-,-,-,-,-
Essex,West Essex Regional,-,258,272,309,262,-,254,266,298,253,-,98.45,97.79,96.44,96.56
Morris,Mendham Twp,-,-,-,-,-,-,-,-,-,-,-,-,-,-,-
Morris,Mine Hill,-,-,-,-,-,-,-,-,-,-,-,-,-,-,-
Morris,Montville,-,334,321,302,313,-,317,313,299,302,-,94.91,97.51,99.01,96.49
Morris,Morris,-,394,438,196,224,-,366,379,194,222,-,92.89,86.53,98.98,99.11
Burlington,Washington Twp,-,-,-,-,-,-,-,-,-,-,-,-,-,-,-
Burlington,Tabernacle,-,-,-,-,-,-,-,-,-,-,-,-,-,-,-
Burlington,Westampton,-,-,-,-,-,-,-,-,-,-,-,-,-,-,-
Burlington,Willingboro,-,243,218,264,216,-,189,172,235,193,-,77.78,78.9,89.02,89.35
Burlington,Woodland,-,-,-,-,-,-,-,-,-,-,-,-,-,-,-
Camden,Audubon,-,192,186,180,161,-,176,174,168,152,-,91.67,93.55,93.33,94.41
Camden,Audubon Park,-,-,-,-,-,-,-,-,-,-,-,-,-,-,-
Gloucester,Gateway Regional,-,176,202,176,164,-,146,187,166,152,-,82.95,92.57,94.32,92.68
Camden,Barrington,-,-,-,-,-,-,-,-,-,-,-,-,-,-,-
Camden,Bellmawr,-,-,-,-,-,-,-,-,-,-,-,-,-,-,-
Camden,Berlin,-,-,-,-,-,-,-,-,-,-,-,-,-,-,-
Gloucester,Deptford,-,268,249,302,284,-,238,210,278,245,-,88.81,84.34,92.05,86.27
Gloucester,East Greenwich,-,-,-,-,-,-,-,-,-,-,-,-,-,-,-
Gloucester,Elk,-,-,-,-,-,-,-,-,-,-,-,-,-,-,-
Gloucester,Franklin Twp,-,-,-,-,-,-,-,-,-,-,-,-,-,-,-
Morris,Jefferson,-,242,253,270,250,-,221,238,252,238,-,91.32,94.07,93.33,95.2
Essex,West Orange,-,505,562,525,533,-,434,477,455,486,-,85.94,84.88,86.67,91.18
Gloucester,Clayton,-,88,105,90,118,-,78,97,81,103,-,88.64,92.38,90,87.29
Morris,Lincoln Park,-,-,-,-,-,-,-,-,-,-,-,-,-,-,-
Gloucester,Clearview Regional,-,441,467,470,446,-,419,450,438,423,-,95.01,96.36,93.19,94.84
Morris,Kinnelon,-,181,167,168,175,-,179,163,164,168,-,98.9,97.6,97.62,96
Gloucester,Delsea Regional,-,314,301,314,348,-,290,280,298,324,-,92.36,93.02,94.9,93.1
Ocean,Stafford,-,-,-,-,-,-,-,-,-,-,-,-,-,-,-
Ocean,Southern Regional,-,533,502,532,495,-,499,470,498,461,-,93.62,93.63,93.61,93.13
Ocean,Tuckerton,-,-,-,-,-,-,-,-,-,-,-,-,-,-,-
Ocean,Toms River Regional,-,"1,417","1,308","1,296","1,269",-,"1,310","1,208","1,188","1,165",-,92.45,92.35,91.67,91.8
Ocean,Point Pleasant Beach,-,86,85,206,133,-,83,80,189,124,-,96.51,94.12,91.75,93.23
Ocean,Point Pleasant,-,223,265,81,241,-,203,246,77,229,-,91.03,92.83,95.06,95.02
Ocean,Seaside Park,-,-,-,-,-,-,-,-,-,-,-,-,-,-,-
Ocean,Seaside Heights,-,-,-,-,-,-,-,-,-,-,-,-,-,-,-
Passaic,Bloomingdale,-,-,-,-,-,-,-,-,-,-,-,-,-,-,-
Passaic,Clifton,-,854,802,801,822,-,717,672,698,705,-,83.96,83.79,87.14,85.77
Camden,Woodlynne,-,-,-,-,-,-,-,-,-,-,-,-,-,-,-
Cape May,Avalon,-,-,-,-,-,-,-,-,-,-,-,-,-,-,-
Camden,Waterford,-,-,-,-,-,-,-,-,-,-,-,-,-,-,-
Camden,Winslow,-,359,359,374,368,-,284,283,287,294,-,79.11,78.83,76.74,79.89
Cape May,Cape May Point,-,-,-,-,-,-,-,-,-,-,-,-,-,-,-
Cape May,Cape May,-,-,-,-,-,-,-,-,-,-,-,-,-,-,-
Cape May,Cape May County Vocational,-,159,139,146,137,-,149,135,143,133,-,93.71,97.12,97.95,97.08
Camden,Tavistock,-,-,-,-,-,-,-,-,-,-,-,-,-,-,-
Camden,Voorhees,-,-,-,-,-,-,-,-,-,-,-,-,-,-,-
Camden,Stratford,-,-,-,-,-,-,-,-,-,-,-,-,-,-,-
Hunterdon,South Hunterdon Regional,-,71,79,80,73,-,71,78,80,67,-,100,98.73,100,91.78
Hunterdon,Tewksbury,-,-,-,-,-,-,-,-,-,-,-,-,-,-,-
Hunterdon,North Hunterdon-Voorhees Regional,-,732,704,675,703,-,710,682,656,683,-,96.99,96.88,97.19,97.16
Hunterdon,Readington,-,-,-,-,-,-,-,-,-,-,-,-,-,-,-
Mercer,Ewing,-,328,278,318,286,-,294,247,291,258,-,89.63,88.85,91.51,90.21
Hunterdon,Union Twp,-,-,-,-,-,-,-,-,-,-,-,-,-,-,-
Mercer,East Windsor Regional,-,362,407,417,386,-,337,374,392,366,-,93.09,91.89,94,94.82
Mercer,Mercer County Vocational,-,43,40,74,59,-,32,24,48,34,-,74.42,60,64.86,57.63
Mercer,Lawrence,-,309,287,285,317,-,294,273,269,304,-,95.15,95.12,94.39,95.9
Mercer,Hopewell Valley Regional,-,321,322,328,301,-,311,313,320,294,-,96.88,97.2,97.56,97.67
Mercer,Hamilton,-,"1,051","1,012","1,048","1,013",-,958,935,958,923,-,91.15,92.39,91.41,91.12
Hunterdon,Frenchtown,-,-,-,-,-,-,-,-,-,-,-,-,-,-,-
Hunterdon,Glen Gardner,-,-,-,-,-,-,-,-,-,-,-,-,-,-,-
Hunterdon,Hampton Boro,-,-,-,-,-,-,-,-,-,-,-,-,-,-,-
Hunterdon,High Bridge,-,-,-,-,-,-,-,-,-,-,-,-,-,-,-
Hunterdon,Holland,-,-,-,-,-,-,-,-,-,-,-,-,-,-,-
Hunterdon,Hunterdon Central Regional,-,793,724,776,777,-,751,698,746,730,-,94.7,96.41,96.13,93.95
Hunterdon,Hunterdon County Vocational,-,-,-,-,-,-,-,-,-,-,-,-,-,-,-
Hunterdon,Kingwood,-,-,-,-,-,-,-,-,-,-,-,-,-,-,-
Hunterdon,Lebanon,-,-,-,-,-,-,-,-,-,-,-,-,-,-,-
Hunterdon,Milford,-,-,-,-,-,-,-,-,-,-,-,-,-,-,-
Hunterdon,Lebanon Twp,-,-,-,-,-,-,-,-,-,-,-,-,-,-,-
Hunterdon,East Amwell,-,-,-,-,-,-,-,-,-,-,-,-,-,-,-
Hunterdon,Delaware,-,-,-,-,-,-,-,-,-,-,-,-,-,-,-
Hunterdon,Delaware Valley Regional,-,201,232,260,199,-,191,226,245,190,-,95.02,97.41,94.23,95.48
Hunterdon,Clinton Twp,-,-,-,-,-,-,-,-,-,-,-,-,-,-,-
Hunterdon,Clinton-Glen Gardner,-,-,-,-,-,-,-,-,-,-,-,-,-,-,-
Hunterdon,Bloomsbury,-,-,-,-,-,-,-,-,-,-,-,-,-,-,-
Hunterdon,Califon,-,-,-,-,-,-,-,-,-,-,-,-,-,-,-
Hunterdon,Alexandria,-,-,-,-,-,-,-,-,-,-,-,-,-,-,-
Hunterdon,Bethlehem,-,-,-,-,-,-,-,-,-,-,-,-,-,-,-
Hunterdon,Franklin Twp,-,-,-,-,-,-,-,-,-,-,-,-,-,-,-
Hunterdon,Flemington-Raritan Regional,-,-,-,-,-,-,-,-,-,-,-,-,-,-,-
Hudson,West New York,-,438,463,537,498,-,371,383,425,399,-,84.7,82.72,79.14,80.12
Monmouth,Brielle,-,-,-,-,-,-,-,-,-,-,-,-,-,-,-
Monmouth,Bradley Beach,-,-,-,-,-,-,-,-,-,-,-,-,-,-,-
Monmouth,Belmar,-,-,-,-,-,-,-,-,-,-,-,-,-,-,-
Monmouth,Eatontown,-,-,-,-,-,-,-,-,-,-,-,-,-,-,-
Monmouth,Fair Haven,-,-,-,-,-,-,-,-,-,-,-,-,-,-,-
Monmouth,Colts Neck,-,-,-,-,-,-,-,-,-,-,-,-,-,-,-
Monmouth,Deal,-,-,-,-,-,-,-,-,-,-,-,-,-,-,-
Monmouth,Freehold Regional,-,"2,844","2,884","2,794","2,869",-,"2,710","2,762","2,676","2,767",-,95.29,95.77,95.78,96.44
Monmouth,Freehold Twp,-,-,-,-,-,-,-,-,-,-,-,-,-,-,-
Monmouth,Farmingdale,-,-,-,-,-,-,-,-,-,-,-,-,-,-,-
Monmouth,Freehold,-,-,-,-,-,-,-,-,-,-,-,-,-,-,-
Middlesex,South Amboy,-,81,71,75,80,-,69,61,66,77,-,85.19,85.92,88,96.25
Middlesex,Sayreville,-,474,443,428,416,-,426,402,385,383,-,89.87,90.74,89.95,92.07
Middlesex,South Plainfield,-,288,269,270,282,-,275,257,249,263,-,95.49,95.54,92.22,93.26
Middlesex,South Brunswick,-,719,738,734,787,-,689,713,703,758,-,95.83,96.61,95.78,96.32
Middlesex,South River,-,176,155,155,163,-,162,137,134,140,-,92.05,88.39,86.45,85.89
Middlesex,Spotswood,-,161,207,203,177,-,153,198,192,165,-,95.03,95.65,94.58,93.22
Middlesex,Woodbridge,-,"1,113","1,114","1,088","1,091",-,"1,022","1,027","1,004","1,020",-,91.82,92.19,92.28,93.49
Monmouth,Allenhurst,-,-,-,-,-,-,-,-,-,-,-,-,-,-,-
Monmouth,Asbury Park,-,106,93,114,94,-,70,68,81,78,-,66.04,73.12,71.05,82.98
Monmouth,Atlantic Highlands,-,-,-,-,-,-,-,-,-,-,-,-,-,-,-
Monmouth,Avon,-,-,-,-,-,-,-,-,-,-,-,-,-,-,-
Middlesex,Milltown,-,-,-,-,-,-,-,-,-,-,-,-,-,-,-
Middlesex,Middlesex County Vocational,-,420,464,448,464,-,391,437,436,446,-,93.1,94.18,97.32,96.12
Middlesex,Middlesex Boro,-,179,162,150,167,-,162,143,145,160,-,90.5,88.27,96.67,95.81
Middlesex,Metuchen,-,158,184,159,173,-,152,176,154,165,-,96.2,95.65,96.86,95.38
Middlesex,Jamesburg,-,-,-,-,-,-,-,-,-,-,-,-,-,-,-
Middlesex,Perth Amboy,-,586,552,613,607,-,430,396,465,486,-,73.38,71.74,75.86,80.07
Middlesex,Piscataway,-,558,569,584,558,-,513,514,538,516,-,91.94,90.33,92.12,92.47
Middlesex,North Brunswick,-,492,462,492,454,-,415,403,398,407,-,84.35,87.23,80.89,89.65
Middlesex,Old Bridge,-,764,774,725,782,-,711,738,683,746,-,93.06,95.35,94.21,95.4
Middlesex,Monroe,-,499,525,518,583,-,466,498,497,557,-,93.39,94.86,95.95,95.54
Middlesex,New Brunswick,-,492,505,515,561,-,337,351,354,412,-,68.5,69.5,68.74,73.44
Middlesex,Cranbury,-,-,-,-,-,-,-,-,-,-,-,-,-,-,-
Middlesex,Carteret,-,256,274,295,270,-,214,242,243,223,-,83.59,88.32,82.37,82.59
Mercer,Robbinsville,-,231,228,227,246,-,226,224,221,240,-,97.84,98.25,97.36,97.56
Mercer,Princeton,-,361,388,392,420,-,357,368,382,405,-,98.89,94.85,97.45,96.43
Mercer,West Windsor-Plainsboro Regional,-,853,745,775,761,-,841,728,740,744,-,98.59,97.72,95.48,97.77
Mercer,Trenton,-,813,834,807,798,-,558,555,566,541,-,68.63,66.55,70.14,67.79
Middlesex,East Brunswick,-,748,778,701,661,-,720,756,679,652,-,96.26,97.17,96.86,98.64
Middlesex,Edison,-,"1,016","1,031","1,093","1,123",-,954,967,"1,032","1,066",-,93.9,93.79,94.42,94.92
Middlesex,Helmetta,-,-,-,-,-,-,-,-,-,-,-,-,-,-,-
Middlesex,Highland Park,-,102,127,138,134,-,94,119,129,125,-,92.16,93.7,93.48,93.28
Middlesex,Dunellen,-,97,79,86,96,-,88,66,78,85,-,90.72,83.54,90.7,88.54
Union,Elizabeth,-,"1,414","1,546","1,610","1,671",-,"1,105","1,256","1,280","1,373",-,78.15,81.24,79.5,82.17
Camden,Laurel Springs,-,-,-,-,-,-,-,-,-,-,-,-,-,-,-
Union,Cranford,-,308,285,312,270,-,296,267,297,266,-,96.1,93.68,95.19,98.52
Camden,Hi Nella,-,-,-,-,-,-,-,-,-,-,-,-,-,-,-
Camden,Haddonfield,-,192,196,206,197,-,190,190,202,195,-,98.96,96.94,98.06,98.98
Camden,Haddon Twp,-,187,163,164,143,-,174,154,158,139,-,93.05,94.48,96.34,97.2
Union,Linden,-,477,431,485,435,-,422,382,415,391,-,88.47,88.63,85.57,89.89
Union,Kenilworth,-,128,123,142,120,-,120,118,133,104,-,93.75,95.93,93.66,86.67
Union,Hillside,-,185,223,236,236,-,162,192,207,205,-,87.57,86.1,87.71,86.86
Camden,Lindenwold,-,140,158,153,155,-,107,122,115,119,-,76.43,77.22,75.16,76.77
Union,Garwood,-,-,-,-,-,-,-,-,-,-,-,-,-,-,-
Camden,Lawnside,-,-,-,-,-,-,-,-,-,-,-,-,-,-,-
Union,Plainfield,-,492,548,561,583,-,396,429,408,444,-,80.49,78.28,72.73,76.16
Union,Rahway,-,292,271,291,310,-,260,230,247,269,-,89.04,84.87,84.88,86.77
Union,Mountainside,-,-,-,-,-,-,-,-,-,-,-,-,-,-,-
Union,New Providence,-,154,177,178,160,-,149,165,173,159,-,96.75,93.22,97.19,99.38
Camden,Gloucester Twp,-,-,-,-,-,-,-,-,-,-,-,-,-,-,-
Camden,Haddon Heights,-,189,167,157,161,-,170,156,140,148,-,89.95,93.41,89.17,91.93
Camden,Gibbsboro,-,-,-,-,-,-,-,-,-,-,-,-,-,-,-
Camden,Gloucester City,-,154,151,148,130,-,127,142,133,118,-,82.47,94.04,89.86,90.77
Camden,Camden County Vocational,-,368,352,470,476,-,349,336,452,466,-,94.84,95.45,96.17,97.9
Camden,Camden,-,678,644,709,685,-,431,448,468,469,-,63.57,69.57,66.01,68.47
Sussex,Sandyston-Walpack,-,-,-,-,-,-,-,-,-,-,-,-,-,-,-
Camden,Chesilhurst,-,-,-,-,-,-,-,-,-,-,-,-,-,-,-
Camden,Cherry Hill,-,889,950,970,897,-,838,893,904,858,-,94.26,94,93.2,95.65
Sussex,Stanhope,-,-,-,-,-,-,-,-,-,-,-,-,-,-,-
Camden,Collingswood,-,181,189,201,207,-,149,168,182,171,-,82.32,88.89,90.55,82.61
Sussex,Sparta,-,281,337,279,282,-,270,327,275,275,-,96.09,97.03,98.57,97.52
Camden,Clementon,-,-,-,-,-,-,-,-,-,-,-,-,-,-,-
Sussex,Sussex County Vocational,-,189,191,171,162,-,185,189,170,160,-,97.88,98.95,99.42,98.77
Sussex,Stillwater,-,-,-,-,-,-,-,-,-,-,-,-,-,-,-
Camden,Eastern Camden County Regional,-,503,516,535,480,-,473,487,508,449,-,94.04,94.38,94.95,93.54
Sussex,Sussex-Wantage Regional,-,-,-,-,-,-,-,-,-,-,-,-,-,-,-
Sussex,Vernon,-,300,279,283,247,-,272,257,273,231,-,90.67,92.11,96.47,93.52
Sussex,Wallkill Valley Regional,-,154,175,178,175,-,142,160,167,160,-,92.21,91.43,93.82,91.43
Union,Berkeley Heights,-,252,232,284,274,-,246,228,275,269,-,97.62,98.28,96.83,98.18
Union,Clark,-,211,218,186,199,-,205,210,180,189,-,97.16,96.33,96.77,94.97
Camden,Berlin Twp,-,-,-,-,-,-,-,-,-,-,-,-,-,-,-
Camden,Black Horse Pike Regional,-,"1,070","1,065","1,016",879,-,946,950,922,780,-,88.41,89.2,90.75,88.74
Camden,Brooklawn,-,-,-,-,-,-,-,-,-,-,-,-,-,-,-
Monmouth,Neptune Twp,-,384,341,397,366,-,310,288,319,295,-,80.73,84.46,80.35,80.6
Monmouth,Neptune,-,-,-,-,-,-,-,-,-,-,-,-,-,-,-
Monmouth,Monmouth Regional,-,244,267,261,253,-,230,255,242,237,-,94.26,95.51,92.72,93.68
Monmouth,Monmouth County Vocational,-,407,421,415,444,-,394,402,411,432,-,96.81,95.49,99.04,97.3
Monmouth,Monmouth Beach,-,-,-,-,-,-,-,-,-,-,-,-,-,-,-
Monmouth,Millstone Twp,-,-,-,-,-,-,-,-,-,-,-,-,-,-,-
Monmouth,Middletown,-,754,743,757,694,-,708,721,704,663,-,93.9,97.04,93,95.53
Monmouth,Manalapan-Englishtown Regional,-,-,-,-,-,-,-,-,-,-,-,-,-,-,-
Monmouth,Matawan-Aberdeen,-,237,272,279,254,-,216,243,257,239,-,91.14,89.34,92.11,94.09
Monmouth,Marlboro,-,-,-,-,-,-,-,-,-,-,-,-,-,-,-
Monmouth,Manasquan,-,282,272,274,261,-,264,258,259,232,-,93.62,94.85,94.53,88.89
Monmouth,Long Branch,-,320,348,355,333,-,295,316,327,304,-,92.19,90.8,92.11,91.29
Monmouth,Little Silver,-,-,-,-,-,-,-,-,-,-,-,-,-,-,-
Bergen,Northvale,-,-,-,-,-,-,-,-,-,-,-,-,-,-,-
Monmouth,Lake Como,-,-,-,-,-,-,-,-,-,-,-,-,-,-,-
Bergen,Northern Valley Regional,-,632,631,552,589,-,621,609,548,576,-,98.26,96.51,99.28,97.79
Monmouth,Keyport,-,107,128,108,85,-,92,109,94,74,-,85.98,85.16,87.04,87.06
Bergen,Oakland,-,-,-,-,-,-,-,-,-,-,-,-,-,-,-
Monmouth,Keansburg,-,98,95,115,83,-,86,77,94,66,-,87.76,81.05,81.74,79.52
Bergen,Norwood,-,-,-,-,-,-,-,-,-,-,-,-,-,-,-
Monmouth,Interlaken,-,-,-,-,-,-,-,-,-,-,-,-,-,-,-
Bergen,Oradell,-,-,-,-,-,-,-,-,-,-,-,-,-,-,-
Monmouth,Howell,-,-,-,-,-,-,-,-,-,-,-,-,-,-,-
Bergen,Old Tappan,-,-,-,-,-,-,-,-,-,-,-,-,-,-,-
Monmouth,Holmdel,-,267,281,250,224,-,261,272,244,218,-,97.75,96.8,97.6,97.32
Union,Summit,-,278,307,339,311,-,269,295,326,305,-,96.76,96.09,96.17,98.07
Monmouth,Highlands,-,-,-,-,-,-,-,-,-,-,-,-,-,-,-
Union,Springfield,-,160,158,180,148,-,153,150,161,138,-,95.63,94.94,89.44,93.24
Camden,Sterling Regional,-,240,243,250,269,-,229,234,224,254,-,95.42,96.3,89.6,94.42
Union,Union Twp,-,658,607,590,596,-,616,553,549,554,-,93.62,91.1,93.05,92.95
Union,Union County Vocational,-,314,329,323,344,-,312,327,323,344,-,99.36,99.39,100,100
Union,Roselle,-,244,190,198,202,-,220,141,171,178,-,90.16,74.21,86.36,88.12
Camden,Pine Valley,-,-,-,-,-,-,-,-,-,-,-,-,-,-,-
Camden,Pine Hill,-,221,216,193,180,-,209,203,167,163,-,94.57,93.98,86.53,90.56
Union,Scotch Plains-Fanwood,-,394,406,392,393,-,385,391,375,379,-,97.72,96.31,95.66,96.44
Camden,Somerdale,-,-,-,-,-,-,-,-,-,-,-,-,-,-,-
Union,Roselle Park,-,153,160,163,163,-,143,150,157,156,-,93.46,93.75,96.32,95.71
Camden,Runnemede,-,-,-,-,-,-,-,-,-,-,-,-,-,-,-
Camden,Merchantville,-,-,-,-,-,-,-,-,-,-,-,-,-,-,-
Camden,Mount Ephraim,-,-,-,-,-,-,-,-,-,-,-,-,-,-,-
Camden,Oaklyn,-,-,-,-,-,-,-,-,-,-,-,-,-,-,-
Camden,Pennsauken,-,412,386,392,398,-,320,328,328,324,-,77.67,84.97,83.67,81.41
Union,Westfield,-,451,474,431,518,-,439,461,423,507,-,97.34,97.26,98.14,97.88
Union,Winfield,-,-,-,-,-,-,-,-,-,-,-,-,-,-,-
Warren,Allamuchy,-,-,-,-,-,-,-,-,-,-,-,-,-,-,-
Camden,Magnolia,-,-,-,-,-,-,-,-,-,-,-,-,-,-,-
Bergen,Palisades Park,-,108,124,109,112,-,97,108,93,98,-,89.81,87.1,85.32,87.5
Bergen,Paramus,-,329,342,311,289,-,314,335,301,283,-,95.44,97.95,96.78,97.92
Bergen,Park Ridge,-,101,107,100,99,-,99,104,97,95,-,98.02,97.2,97,95.96
Bergen,Pascack Valley Regional,-,518,497,535,515,-,504,489,520,504,-,97.3,98.39,97.2,97.86
Hudson,Bayonne,-,686,640,681,686,-,559,549,587,597,-,81.49,85.78,86.2,87.03
Hudson,East Newark,-,-,-,-,-,-,-,-,-,-,-,-,-,-,-
Hudson,Guttenberg,-,-,-,-,-,-,-,-,-,-,-,-,-,-,-
Monmouth,Hazlet,-,268,233,237,233,-,258,230,234,226,-,96.27,98.71,98.73,97
Monmouth,Henry Hudson Regional,-,75,38,51,50,-,70,33,48,42,-,93.33,86.84,94.12,84
Somerset,Manville,-,108,93,98,94,-,100,83,89,90,-,92.59,89.25,90.82,95.74
Somerset,Millstone,-,-,-,-,-,-,-,-,-,-,-,-,-,-,-
Bergen,Maywood,-,-,-,-,-,-,-,-,-,-,-,-,-,-,-
Bergen,Midland Park,-,82,81,80,68,-,79,78,76,66,-,96.34,96.3,95,97.06
Bergen,Lyndhurst,-,187,189,189,203,-,177,179,179,190,-,94.65,94.71,94.71,93.6
Bergen,Mahwah,-,264,232,262,233,-,253,226,254,223,-,95.83,97.41,96.95,95.71
Bergen,Lodi,-,254,273,285,231,-,238,246,272,209,-,93.7,90.11,95.44,90.48
Bergen,Northern Highlands Regional,-,372,343,358,347,-,363,339,354,343,-,97.58,98.83,98.88,98.85
Bergen,North Arlington,-,121,132,120,119,-,117,129,114,111,-,96.69,97.73,95,93.28
Bergen,New Milford,-,141,182,164,167,-,140,167,161,158,-,99.29,91.76,98.17,94.61
Bergen,Moonachie,-,-,-,-,-,-,-,-,-,-,-,-,-,-,-
Bergen,Montvale,-,-,-,-,-,-,-,-,-,-,-,-,-,-,-
Somerset,Somerset County Vocational,-,80,100,84,75,-,68,86,77,73,-,85,86,91.67,97.33
Somerset,Rocky Hill,-,-,-,-,-,-,-,-,-,-,-,-,-,-,-
Somerset,North Plainfield,-,263,262,237,277,-,250,239,224,239,-,95.06,91.22,94.51,86.28
Somerset,Montgomery,-,446,442,414,411,-,426,429,404,403,-,95.52,97.06,97.58,98.05
Somerset,Warren,-,-,-,-,-,-,-,-,-,-,-,-,-,-,-
Somerset,South Bound Brook,-,-,-,-,-,-,-,-,-,-,-,-,-,-,-
Somerset,Somerville,-,302,311,289,274,-,270,297,278,260,-,89.4,95.5,96.19,94.89
Somerset,Somerset Hills Regional,-,215,209,204,214,-,209,199,198,200,-,97.21,95.22,97.06,93.46
Salem,Upper Pittsgrove,-,-,-,-,-,-,-,-,-,-,-,-,-,-,-
Bergen,Garfield,-,303,338,275,303,-,254,298,224,274,-,83.83,88.17,81.45,90.43
Bergen,Glen Rock,-,195,195,164,204,-,191,194,163,199,-,97.95,99.49,99.39,97.55
Bergen,Hackensack,-,513,479,454,507,-,464,433,418,456,-,90.45,90.4,92.07,89.94
Bergen,Harrington Park,-,-,-,-,-,-,-,-,-,-,-,-,-,-,-
Bergen,Little Ferry,-,-,-,-,-,-,-,-,-,-,-,-,-,-,-
Somerset,Hillsborough,-,598,581,536,597,-,565,562,524,568,-,94.48,96.73,97.76,95.14
Bergen,Leonia,-,181,177,157,175,-,167,163,147,168,-,92.27,92.09,93.63,96
Bergen,Haworth,-,-,-,-,-,-,-,-,-,-,-,-,-,-,-
Bergen,Hasbrouck Heights,-,137,135,177,144,-,127,129,168,143,-,92.7,95.56,94.92,99.31
Bergen,Ho-Ho-Kus,-,-,-,-,-,-,-,-,-,-,-,-,-,-,-
Bergen,Hillsdale,-,-,-,-,-,-,-,-,-,-,-,-,-,-,-
Somerset,Bedminster,-,-,-,-,-,-,-,-,-,-,-,-,-,-,-
Salem,Woodstown-Pilesgrove Regional,-,177,188,187,150,-,173,179,178,135,-,97.74,95.21,95.19,90
Somerset,Bound Brook,-,146,123,164,154,-,113,101,133,119,-,77.4,82.11,81.1,77.27
Somerset,Bernards Twp,-,464,467,492,460,-,455,455,482,448,-,98.06,97.43,97.97,97.39
Somerset,Bridgewater-Raritan Regional,-,735,701,747,760,-,701,665,710,719,-,95.37,94.86,95.05,94.61
Somerset,Branchburg,-,-,-,-,-,-,-,-,-,-,-,-,-,-,-
Somerset,Green Brook,-,-,-,-,-,-,-,-,-,-,-,-,-,-,-
Somerset,Franklin Twp,-,591,583,578,585,-,506,512,493,516,-,85.62,87.82,85.29,88.21
Sussex,High Point Regional,-,261,252,244,248,-,247,238,228,234,-,94.64,94.44,93.44,94.35
Sussex,Hopatcong,-,162,152,131,121,-,143,133,120,115,-,88.27,87.5,91.6,95.04
Sussex,Hampton Twp,-,-,-,-,-,-,-,-,-,-,-,-,-,-,-
Sussex,Hardyston,-,-,-,-,-,-,-,-,-,-,-,-,-,-,-
Bergen,Edgewater,-,-,-,-,-,-,-,-,-,-,-,-,-,-,-
Bergen,Elmwood Park,-,207,202,181,214,-,185,182,166,192,-,89.37,90.1,91.71,89.72
Bergen,East Rutherford,-,-,-,-,-,-,-,-,-,-,-,-,-,-,-
Bergen,Fair Lawn,-,383,399,355,377,-,362,386,343,368,-,94.52,96.74,96.62,97.61
Bergen,Englewood Cliffs,-,-,-,-,-,-,-,-,-,-,-,-,-,-,-
Bergen,Englewood,-,306,297,299,299,-,251,257,261,258,-,82.03,86.53,87.29,86.29
Bergen,Emerson,-,92,106,104,97,-,86,102,102,96,-,93.48,96.23,98.08,98.97
Bergen,Franklin Lakes,-,-,-,-,-,-,-,-,-,-,-,-,-,-,-
Bergen,Fort Lee,-,259,252,264,249,-,252,245,257,240,-,97.3,97.22,97.35,96.39
Bergen,Fairview,-,-,-,-,-,-,-,-,-,-,-,-,-,-,-
Sussex,Ogdensburg,-,-,-,-,-,-,-,-,-,-,-,-,-,-,-
Sussex,Newton,-,210,183,198,223,-,193,174,175,208,-,91.9,95.08,88.38,93.27
Sussex,Montague,-,-,-,-,-,-,-,-,-,-,-,-,-,-,-
Sussex,Lenape Valley Regional,-,202,215,236,181,-,182,197,221,163,-,90.1,91.63,93.64,90.06
Sussex,Lafayette,-,-,-,-,-,-,-,-,-,-,-,-,-,-,-
Sussex,Kittatinny Regional,-,169,190,170,168,-,163,183,163,166,-,96.45,96.32,95.88,98.81
Somerset,Watchung,-,-,-,-,-,-,-,-,-,-,-,-,-,-,-
Somerset,Watchung Hills Regional,-,559,557,552,565,-,550,546,532,550,-,98.39,98.03,96.38,97.35
Sussex,Andover Regional,-,-,-,-,-,-,-,-,-,-,-,-,-,-,-
Bergen,Bergen County Vocational,-,324,400,416,418,-,323,398,414,416,-,99.69,99.5,99.52,99.52
Bergen,Bergenfield,-,296,313,298,339,-,289,302,290,330,-,97.64,96.49,97.32,97.35
Bergen,Carlstadt,-,-,-,-,-,-,-,-,-,-,-,-,-,-,-
Bergen,Bogota,-,100,96,96,83,-,88,89,89,78,-,88,92.71,92.71,93.98
Bergen,Cliffside Park,-,299,305,290,289,-,247,255,239,254,-,82.61,83.61,82.41,87.89
Bergen,Carlstadt-East Rutherford Regional,-,153,120,130,144,-,142,117,126,131,-,92.81,97.5,96.92,90.97
Bergen,Cresskill,-,131,138,125,147,-,126,135,121,145,-,96.18,97.83,96.8,98.64
Bergen,Closter,-,-,-,-,-,-,-,-,-,-,-,-,-,-,-
Bergen,Dumont,-,202,207,215,199,-,188,200,209,194,-,93.07,96.62,97.21,97.49
Bergen,Demarest,-,-,-,-,-,-,-,-,-,-,-,-,-,-,-
Sussex,Green,-,-,-,-,-,-,-,-,-,-,-,-,-,-,-
Sussex,Fredon,-,-,-,-,-,-,-,-,-,-,-,-,-,-,-
Sussex,Hamburg,-,-,-,-,-,-,-,-,-,-,-,-,-,-,-
Sussex,Byram,-,-,-,-,-,-,-,-,-,-,-,-,-,-,-
Sussex,Branchville,-,-,-,-,-,-,-,-,-,-,-,-,-,-,-
Sussex,Franklin,-,-,-,-,-,-,-,-,-,-,-,-,-,-,-
Sussex,Frankford,-,-,-,-,-,-,-,-,-,-,-,-,-,-,-
,,,,,,,,,,,,,,,,
County School District Summary,,,,,,,,,,,,,,,,
,Adj. Cohort Count,Adj. Cohort Count,Adj. Cohort Count,Adj. Cohort Count,Adj. Cohort Count,Graduates,Graduates,Graduates,Graduates,Graduates,HS Grad. Rate (%),HS Grad. Rate (%),HS Grad. Rate (%),HS Grad. Rate (%),HS Grad. Rate (%),
County  ,2013-2014  ,2014-2015  ,2015-2016  ,2016-2017  ,2017-2018  ,2013-2014  ,2014-2015  ,2015-2016  ,2016-2017  ,2017-2018  ,2013-2014  ,2014-2015  ,2015-2016  ,2016-2017  ,2017-2018  ,
Union,-,"6,565","6,685","6,901","6,933",-,"5,898","5,945","6,100","6,230",-,89.84,88.93,88.39,89.86,
Hunterdon,-,"1,797","1,739","1,791","1,752",-,"1,723","1,684","1,727","1,670",-,95.88,96.84,96.43,95.32,
Sussex,-,"1,928","1,974","1,890","1,807",-,"1,797","1,858","1,792","1,712",-,93.21,94.12,94.81,94.74,
Somerset,-,"4,507","4,429","4,395","4,466",-,"4,213","4,174","4,144","4,185",-,93.48,94.24,94.29,93.71,
Cape May,-,"1,032",952,998,965,-,901,838,875,862,-,87.31,88.03,87.68,89.33,
Salem,-,808,865,851,873,-,719,764,743,785,-,88.99,88.32,87.31,89.92,
Essex,-,"9,115","8,936","8,614","9,064",-,"7,605","7,574","7,491","7,867",-,83.43,84.76,86.96,86.79,
Burlington,-,"5,527","5,396","5,549","5,447",-,"5,117","5,047","5,178","5,154",-,92.58,93.53,93.31,94.62,
Middlesex,-,"9,379","9,483","9,470","9,629",-,"8,443","8,601","8,564","8,852",-,90.02,90.7,90.43,91.93,
Cumberland,-,"1,793","1,797","1,863","1,934",-,"1,476","1,481","1,513","1,597",-,82.32,82.42,81.21,82.57,
Monmouth,-,"8,008","8,126","8,082","7,867",-,"7,509","7,675","7,592","7,441",-,93.77,94.45,93.94,94.58,
Camden,-,"5,975","5,941","6,118","5,786",-,"5,172","5,268","5,358","5,099",-,86.56,88.67,87.58,88.13,
Hudson,-,"5,800","5,825","5,850","5,922",-,"4,787","4,802","4,966","5,061",-,82.53,82.44,84.89,85.46,
Morris,-,"6,090","6,218","6,385","6,258",-,"5,795","5,902","6,050","5,943",-,95.16,94.92,94.75,94.97,
Atlantic,-,"3,430","3,478","3,422","3,329",-,"3,054","3,121","3,082","3,048",-,89.04,89.74,90.06,91.56,
Gloucester,-,"3,729","3,802","3,808","3,830",-,"3,426","3,505","3,553","3,560",-,91.87,92.19,93.3,92.95,
Ocean,-,"5,822","5,818","5,626","5,642",-,"5,280","5,289","5,112","5,172",-,90.69,90.91,90.86,91.67,
Bergen,-,"10,610","10,674","10,449","10,601",-,"10,011","10,114","9,920","10,081",-,94.35,94.75,94.94,95.09,
Mercer,-,"4,672","4,541","4,671","4,587",-,"4,208","4,041","4,187","4,109",-,90.07,88.99,89.64,89.58,
Passaic,-,"6,318","6,231","5,997","6,210",-,"5,505","5,360","5,373","5,492",-,87.13,86.02,89.59,88.44,
Warren,-,"1,366","1,373","1,406","1,409",-,"1,245","1,286","1,313","1,311",-,91.14,93.66,93.39,93.04,
,,,,,,,,,,,,,,,,
New Jersey State Summary,,,,,,,,,,,,,,,,
Adj. Cohort Count,Adj. Cohort Count,Adj. Cohort Count,Adj. Cohort Count,Adj. Cohort Count,Graduates,Graduates,Graduates,Graduates,Graduates,HS Grad. Rate (%),HS Grad. Rate (%),HS Grad. Rate (%),HS Grad. Rate (%),HS Grad. Rate (%),,
2013-2014  ,2014-2015  ,2015-2016  ,2016-2017  ,2017-2018  ,2013-2014  ,2014-2015  ,2015-2016  ,2016-2017  ,2017-2018  ,2013-2014  ,2014-2015  ,2015-2016  ,2016-2017  ,2017-2018  ,,
-,"104,271",-,-,-,-,"93,884",-,-,-,-,90.04,-,-,-,,
,,,,,,,,,,,,,,,,
"DISCLAIMER: The information in the website may be used, downloaded, reproduced or reprinted provided",,,,,,,,,,,,,,,,
that appropiate acknowledgment appears in all copies or works created with the downloaded information.,,,,,,,,,,,,,,,,
"You may not use or misrepresent our name, logos, trademarks, other intellectual property or materials for your own use or reprint.",,,,,,,,,,,,,,,,
,,,,,,,,,,,,,,,,
"New Jersey Data Book(SM)  Rutgers Center for Goverment Services, New Brunswick, NJ",,,,,,,,,,,,,,,,
New Jersey Data Book is a Service Mark of the Rutgers Center for Goverment Services,,,,,,,,,,,,,,,,